URL,"Source URL"
https://www.redrockcleans.com/,https://www.redrockcleans.com/about
https://www.redrockcleans.com/,https://www.redrockcleans.com/about/faq
https://www.redrockcleans.com/,https://www.redrockcleans.com/residential-cleaning
https://www.redrockcleans.com/,https://www.redrockcleans.com/commercial-cleaning
https://www.redrockcleans.com/,https://www.redrockcleans.com/church-cleaning
https://www.redrockcleans.com/,https://www.redrockcleans.com/data-center-cleaning
https://www.redrockcleans.com/,https://www.redrockcleans.com/industrial-cleaning
https://www.redrockcleans.com/,https://www.redrockcleans.com/factory-cleaning
https://www.redrockcleans.com/,https://www.redrockcleans.com/government-facility-cleaning
https://www.redrockcleans.com/,https://www.redrockcleans.com/gym-cleaning
https://www.redrockcleans.com/,https://www.redrockcleans.com/medical-office-cleaning
https://www.redrockcleans.com/,https://www.redrockcleans.com/retail-cleaning
https://www.redrockcleans.com/,https://www.redrockcleans.com/school-cleaning
https://www.redrockcleans.com/,https://www.redrockcleans.com/showroom-cleaning
https://www.redrockcleans.com/,https://www.redrockcleans.com/warehouse-cleaning
https://www.redrockcleans.com/,https://www.redrockcleans.com/salon-spa-cleaning
https://www.redrockcleans.com/,https://www.redrockcleans.com/restaurant-cleaning
https://www.redrockcleans.com/,https://www.redrockcleans.com/standard-cleaning-services
https://www.redrockcleans.com/,https://www.redrockcleans.com/deep-cleaning-services
https://www.redrockcleans.com/,https://www.redrockcleans.com/airbnb-cleaning-services
https://www.redrockcleans.com/,https://www.redrockcleans.com/post-construction-cleaning-services
https://www.redrockcleans.com/,https://www.redrockcleans.com/move-out-cleaning-services
https://www.redrockcleans.com/,https://www.redrockcleans.com/commercial-cleaning-estimator
https://www.redrockcleans.com/,https://www.redrockcleans.com/commercial-cleaning-time-estimator
https://www.redrockcleans.com/,https://www.redrockcleans.com/commercial-cleaning-cost-estimator
https://www.redrockcleans.com/,https://www.redrockcleans.com/commercial-quote
https://www.redrockcleans.com/,https://www.redrockcleans.com/contact
https://www.redrockcleans.com/,https://www.redrockcleans.com/terms-and-conditions-page
https://www.redrockcleans.com/,https://www.redrockcleans.com/privacy-policy-page
https://www.redrockcleans.com/,https://www.redrockcleans.com/sitemap
https://www.redrockcleans.com/,https://www.redrockcleans.com/blog
https://www.redrockcleans.com/,https://www.redrockcleans.com/blog/page/2
https://www.redrockcleans.com/,https://www.redrockcleans.com/blog/standard-cleaning-vs-deep-cleaning
https://www.redrockcleans.com/,https://www.redrockcleans.com/blog/cleaning-tips/health-code-violations
https://www.redrockcleans.com/,https://www.redrockcleans.com/blog/cleaning-tips/airbnb-bedding-management-you-should-know
https://www.redrockcleans.com/,https://www.redrockcleans.com/blog/cleaning-tips/6-handy-tips-to-help-you-minimize-your-time-on-housework
https://www.redrockcleans.com/,https://www.redrockcleans.com/blog/cleaning-tips/the-science-of-spring-cleaning
https://www.redrockcleans.com/,https://www.redrockcleans.com/blog/cleaning-tips/carpet-cleaning-to-remove-flea-infestation
https://www.redrockcleans.com/,https://www.redrockcleans.com/blog/cleaning-tips/why-you-should-host-a-spring-cleaning-party
https://www.redrockcleans.com/,https://www.redrockcleans.com/blog/cleaning-tips/grill-maintenance-101-the-ultimate-guide-to-cleaning-your-outdoor-grill
https://www.redrockcleans.com/,https://www.redrockcleans.com/blog/cleaning-tips/step-by-step-guide-effective-techniques-for-removing-ink-stains-from-carpets
https://www.redrockcleans.com/,https://www.redrockcleans.com/blog/cleaning-tips/your-essential-guide-to-the-ultimate-move-out-cleaning-checklist
https://www.redrockcleans.com/,https://www.redrockcleans.com/blog/cleaning-tips/natures-air-purifiers-the-best-plants-for-cleaner-indoor-air
https://www.redrockcleans.com/,https://www.redrockcleans.com/hiring-req
https://www.redrockcleans.com/,https://www.redrockcleans.com/hiring-application/how-to-use-the-maidily-mobile-app
https://www.redrockcleans.com/,https://www.redrockcleans.com/south-florida
https://www.redrockcleans.com/,https://www.redrockcleans.com/south-florida-calculator
https://www.redrockcleans.com/,https://www.redrockcleans.com/book-now-south-florida
https://www.redrockcleans.com/,https://www.redrockcleans.com/south-florida/post-construction-cleaning-services
https://www.redrockcleans.com/,https://www.redrockcleans.com/south-florida/standard-cleaning-services
https://www.redrockcleans.com/,https://www.redrockcleans.com/south-florida/deep-cleaning-services
https://www.redrockcleans.com/,https://www.redrockcleans.com/south-florida/move-out-cleaning-services
https://www.redrockcleans.com/,https://www.redrockcleans.com/south-florida/airbnb-cleaning-services
https://www.redrockcleans.com/,https://www.redrockcleans.com/south-florida/church-cleaning
https://www.redrockcleans.com/,https://www.redrockcleans.com/south-florida/data-center-cleaning
https://www.redrockcleans.com/,https://www.redrockcleans.com/south-florida/factory-cleaning
https://www.redrockcleans.com/,https://www.redrockcleans.com/south-florida/government-facility-cleaning
https://www.redrockcleans.com/,https://www.redrockcleans.com/south-florida/gym-cleaning
https://www.redrockcleans.com/,https://www.redrockcleans.com/south-florida/industrial-cleaning
https://www.redrockcleans.com/,https://www.redrockcleans.com/south-florida/medical-office-cleaning
https://www.redrockcleans.com/,https://www.redrockcleans.com/south-florida/restaurant-cleaning
https://www.redrockcleans.com/,https://www.redrockcleans.com/south-florida/retail-cleaning
https://www.redrockcleans.com/,https://www.redrockcleans.com/south-florida/school-cleaning
https://www.redrockcleans.com/,https://www.redrockcleans.com/south-florida/showroom-cleaning
https://www.redrockcleans.com/,https://www.redrockcleans.com/south-florida/warehouse-cleaning
https://www.redrockcleans.com/,https://www.redrockcleans.com/south-florida/salon-spa-cleaning
https://www.redrockcleans.com/,https://www.redrockcleans.com/las-vegas
https://www.redrockcleans.com/,https://www.redrockcleans.com/las-vegas-calculator
https://www.redrockcleans.com/,https://www.redrockcleans.com/book-now-las-vegas
https://www.redrockcleans.com/,https://www.redrockcleans.com/las-vegas/airbnb-cleaning-services
https://www.redrockcleans.com/,https://www.redrockcleans.com/las-vegas/standard-cleaning-services
https://www.redrockcleans.com/,https://www.redrockcleans.com/las-vegas/deep-cleaning-services
https://www.redrockcleans.com/,https://www.redrockcleans.com/las-vegas/move-out-cleaning-services
https://www.redrockcleans.com/,https://www.redrockcleans.com/las-vegas/post-construction-cleaning-services
https://www.redrockcleans.com/,https://www.redrockcleans.com/las-vegas/church-cleaning
https://www.redrockcleans.com/,https://www.redrockcleans.com/las-vegas/data-center-cleaning
https://www.redrockcleans.com/,https://www.redrockcleans.com/las-vegas/factory-cleaning
https://www.redrockcleans.com/,https://www.redrockcleans.com/las-vegas/government-facility-cleaning
https://www.redrockcleans.com/,https://www.redrockcleans.com/las-vegas/gym-cleaning
https://www.redrockcleans.com/,https://www.redrockcleans.com/las-vegas/industrial-cleaning
https://www.redrockcleans.com/,https://www.redrockcleans.com/las-vegas/medical-office-cleaning
https://www.redrockcleans.com/,https://www.redrockcleans.com/las-vegas/restaurant-cleaning
https://www.redrockcleans.com/,https://www.redrockcleans.com/las-vegas/retail-cleaning
https://www.redrockcleans.com/,https://www.redrockcleans.com/las-vegas/showroom-cleaning
https://www.redrockcleans.com/,https://www.redrockcleans.com/las-vegas/warehouse-cleaning
https://www.redrockcleans.com/,https://www.redrockcleans.com/las-vegas/salon-spa-cleaning
https://www.redrockcleans.com/,https://www.redrockcleans.com/las-vegas/school-cleaning
https://www.redrockcleans.com/,https://www.redrockcleans.com/oahu
https://www.redrockcleans.com/,https://www.redrockcleans.com/oahu-calculator
https://www.redrockcleans.com/,https://www.redrockcleans.com/book-now-oahu
https://www.redrockcleans.com/,https://www.redrockcleans.com/oahu/move-out-cleaning-services
https://www.redrockcleans.com/,https://www.redrockcleans.com/oahu/standard-cleaning-services
https://www.redrockcleans.com/,https://www.redrockcleans.com/oahu/deep-cleaning-services
https://www.redrockcleans.com/,https://www.redrockcleans.com/oahu/airbnb-cleaning-services
https://www.redrockcleans.com/,https://www.redrockcleans.com/oahu/post-construction-cleaning-services
https://www.redrockcleans.com/,https://www.redrockcleans.com/oahu/church-cleaning
https://www.redrockcleans.com/,https://www.redrockcleans.com/oahu/data-center-cleaning
https://www.redrockcleans.com/,https://www.redrockcleans.com/oahu/factory-cleaning
https://www.redrockcleans.com/,https://www.redrockcleans.com/oahu/government-facility-cleaning
https://www.redrockcleans.com/,https://www.redrockcleans.com/oahu/gym-cleaning
https://www.redrockcleans.com/,https://www.redrockcleans.com/oahu/industrial-cleaning
https://www.redrockcleans.com/,https://www.redrockcleans.com/oahu/medical-office-cleaning
https://www.redrockcleans.com/,https://www.redrockcleans.com/oahu/restaurant-cleaning
https://www.redrockcleans.com/,https://www.redrockcleans.com/oahu/retail-cleaning
https://www.redrockcleans.com/,https://www.redrockcleans.com/oahu/school-cleaning
https://www.redrockcleans.com/,https://www.redrockcleans.com/oahu/showroom-cleaning
https://www.redrockcleans.com/,https://www.redrockcleans.com/oahu/warehouse-cleaning
https://www.redrockcleans.com/,https://www.redrockcleans.com/oahu/salon-spa-cleaning
https://www.redrockcleans.com/,https://www.redrockcleans.com/maui
https://www.redrockcleans.com/,https://www.redrockcleans.com/maui-calculator
https://www.redrockcleans.com/,https://www.redrockcleans.com/book-now-maui
https://www.redrockcleans.com/,https://www.redrockcleans.com/maui/post-construction-cleaning-services
https://www.redrockcleans.com/,https://www.redrockcleans.com/maui/move-out-cleaning-services
https://www.redrockcleans.com/,https://www.redrockcleans.com/maui/deep-cleaning-services
https://www.redrockcleans.com/,https://www.redrockcleans.com/maui/standard-cleaning-services
https://www.redrockcleans.com/,https://www.redrockcleans.com/maui/airbnb-cleaning-services
https://www.redrockcleans.com/,https://www.redrockcleans.com/maui/church-cleaning
https://www.redrockcleans.com/,https://www.redrockcleans.com/maui/data-center-cleaning
https://www.redrockcleans.com/,https://www.redrockcleans.com/maui/factory-cleaning
https://www.redrockcleans.com/,https://www.redrockcleans.com/maui/government-facility-cleaning
https://www.redrockcleans.com/,https://www.redrockcleans.com/maui/gym-cleaning
https://www.redrockcleans.com/,https://www.redrockcleans.com/maui/industrial-cleaning
https://www.redrockcleans.com/,https://www.redrockcleans.com/maui/medical-office-cleaning
https://www.redrockcleans.com/,https://www.redrockcleans.com/maui/restaurant-cleaning
https://www.redrockcleans.com/,https://www.redrockcleans.com/maui/retail-cleaning
https://www.redrockcleans.com/,https://www.redrockcleans.com/maui/school-cleaning
https://www.redrockcleans.com/,https://www.redrockcleans.com/maui/showroom-cleaning
https://www.redrockcleans.com/,https://www.redrockcleans.com/maui/warehouse-cleaning
https://www.redrockcleans.com/,https://www.redrockcleans.com/maui/salon-spa-cleaning
https://www.redrockcleans.com/,https://www.redrockcleans.com/columbus-ohio
https://www.redrockcleans.com/,https://www.redrockcleans.com/columbus-ohio-calculator
https://www.redrockcleans.com/,https://www.redrockcleans.com/book-now-columbus-ohio
https://www.redrockcleans.com/,https://www.redrockcleans.com/columbus-ohio/standard-cleaning-services
https://www.redrockcleans.com/,https://www.redrockcleans.com/columbus-ohio/deep-cleaning-services
https://www.redrockcleans.com/,https://www.redrockcleans.com/columbus-ohio/move-out-cleaning-services
https://www.redrockcleans.com/,https://www.redrockcleans.com/columbus-ohio/post-construction-cleaning-services
https://www.redrockcleans.com/,https://www.redrockcleans.com/columbus-ohio/airbnb-cleaning-services
https://www.redrockcleans.com/,https://www.redrockcleans.com/columbus-ohio/church-cleaning
https://www.redrockcleans.com/,https://www.redrockcleans.com/columbus-ohio/data-center-cleaning
https://www.redrockcleans.com/,https://www.redrockcleans.com/columbus-ohio/factory-cleaning
https://www.redrockcleans.com/,https://www.redrockcleans.com/columbus-ohio/government-facility-cleaning
https://www.redrockcleans.com/,https://www.redrockcleans.com/columbus-ohio/gym-cleaning
https://www.redrockcleans.com/,https://www.redrockcleans.com/columbus-ohio/industrial-cleaning
https://www.redrockcleans.com/,https://www.redrockcleans.com/columbus-ohio/medical-office-cleaning
https://www.redrockcleans.com/,https://www.redrockcleans.com/columbus-ohio/restaurant-cleaning
https://www.redrockcleans.com/,https://www.redrockcleans.com/columbus-ohio/retail-cleaning
https://www.redrockcleans.com/,https://www.redrockcleans.com/columbus-ohio/school-cleaning
https://www.redrockcleans.com/,https://www.redrockcleans.com/columbus-ohio/showroom-cleaning
https://www.redrockcleans.com/,https://www.redrockcleans.com/columbus-ohio/warehouse-cleaning
https://www.redrockcleans.com/,https://www.redrockcleans.com/columbus-ohio/salon-spa-cleaning
https://www.redrockcleans.com/,https://www.redrockcleans.com/dallas
https://www.redrockcleans.com/,https://www.redrockcleans.com/dallas-calculator
https://www.redrockcleans.com/,https://www.redrockcleans.com/book-now-dallas
https://www.redrockcleans.com/,https://www.redrockcleans.com/dallas/post-construction-cleaning-services
https://www.redrockcleans.com/,https://www.redrockcleans.com/dallas/airbnb-cleaning-services
https://www.redrockcleans.com/,https://www.redrockcleans.com/dallas/move-out-cleaning-services
https://www.redrockcleans.com/,https://www.redrockcleans.com/dallas/deep-cleaning-services
https://www.redrockcleans.com/,https://www.redrockcleans.com/dallas/standard-cleaning-services
https://www.redrockcleans.com/,https://www.redrockcleans.com/dallas/church-cleaning
https://www.redrockcleans.com/,https://www.redrockcleans.com/dallas/data-center-cleaning
https://www.redrockcleans.com/,https://www.redrockcleans.com/dallas/factory-cleaning
https://www.redrockcleans.com/,https://www.redrockcleans.com/dallas/government-facility-cleaning
https://www.redrockcleans.com/,https://www.redrockcleans.com/dallas/gym-cleaning
https://www.redrockcleans.com/,https://www.redrockcleans.com/dallas/industrial-cleaning
https://www.redrockcleans.com/,https://www.redrockcleans.com/dallas/medical-office-cleaning
https://www.redrockcleans.com/,https://www.redrockcleans.com/dallas/restaurant-cleaning
https://www.redrockcleans.com/,https://www.redrockcleans.com/dallas/retail-cleaning
https://www.redrockcleans.com/,https://www.redrockcleans.com/dallas/school-cleaning
https://www.redrockcleans.com/,https://www.redrockcleans.com/dallas/showroom-cleaning
https://www.redrockcleans.com/,https://www.redrockcleans.com/dallas/warehouse-cleaning
https://www.redrockcleans.com/,https://www.redrockcleans.com/dallas/salon-spa-cleaning
https://www.redrockcleans.com/,https://www.redrockcleans.com/es/
https://www.redrockcleans.com/,https://www.redrockcleans.com/es/about
https://www.redrockcleans.com/,https://www.redrockcleans.com/es/about/faq
https://www.redrockcleans.com/,https://www.redrockcleans.com/es/residential-cleaning
https://www.redrockcleans.com/,https://www.redrockcleans.com/es/commercial-cleaning
https://www.redrockcleans.com/,https://www.redrockcleans.com/es/church-cleaning
https://www.redrockcleans.com/,https://www.redrockcleans.com/es/data-center-cleaning
https://www.redrockcleans.com/,https://www.redrockcleans.com/es/industrial-cleaning
https://www.redrockcleans.com/,https://www.redrockcleans.com/es/factory-cleaning
https://www.redrockcleans.com/,https://www.redrockcleans.com/es/government-facility-cleaning
https://www.redrockcleans.com/,https://www.redrockcleans.com/es/gym-cleaning
https://www.redrockcleans.com/,https://www.redrockcleans.com/es/medical-office-cleaning
https://www.redrockcleans.com/,https://www.redrockcleans.com/es/retail-cleaning
https://www.redrockcleans.com/,https://www.redrockcleans.com/es/school-cleaning
https://www.redrockcleans.com/,https://www.redrockcleans.com/es/showroom-cleaning
https://www.redrockcleans.com/,https://www.redrockcleans.com/es/warehouse-cleaning
https://www.redrockcleans.com/,https://www.redrockcleans.com/es/salon-spa-cleaning
https://www.redrockcleans.com/,https://www.redrockcleans.com/es/restaurant-cleaning
https://www.redrockcleans.com/,https://www.redrockcleans.com/es/standard-cleaning-services
https://www.redrockcleans.com/,https://www.redrockcleans.com/es/deep-cleaning-services
https://www.redrockcleans.com/,https://www.redrockcleans.com/es/airbnb-cleaning-services
https://www.redrockcleans.com/,https://www.redrockcleans.com/es/post-construction-cleaning-services
https://www.redrockcleans.com/,https://www.redrockcleans.com/es/move-out-cleaning-services
https://www.redrockcleans.com/,https://www.redrockcleans.com/es/commercial-cleaning-estimator
https://www.redrockcleans.com/,https://www.redrockcleans.com/es/commercial-cleaning-time-estimator
https://www.redrockcleans.com/,https://www.redrockcleans.com/es/commercial-cleaning-cost-estimator
https://www.redrockcleans.com/,https://www.redrockcleans.com/es/commercial-quote
https://www.redrockcleans.com/,https://www.redrockcleans.com/es/contact
https://www.redrockcleans.com/,https://www.redrockcleans.com/es/terms-and-conditions-page
https://www.redrockcleans.com/,https://www.redrockcleans.com/es/privacy-policy-page
https://www.redrockcleans.com/,https://www.redrockcleans.com/es/sitemap
https://www.redrockcleans.com/,https://www.redrockcleans.com/es/blog
https://www.redrockcleans.com/,https://www.redrockcleans.com/es/blog/page/2
https://www.redrockcleans.com/,https://www.redrockcleans.com/es/blog/standard-cleaning-vs-deep-cleaning
https://www.redrockcleans.com/,https://www.redrockcleans.com/es/blog/cleaning-tips/health-code-violations
https://www.redrockcleans.com/,https://www.redrockcleans.com/es/blog/cleaning-tips/airbnb-bedding-management-you-should-know
https://www.redrockcleans.com/,https://www.redrockcleans.com/es/blog/cleaning-tips/6-handy-tips-to-help-you-minimize-your-time-on-housework
https://www.redrockcleans.com/,https://www.redrockcleans.com/es/blog/cleaning-tips/the-science-of-spring-cleaning
https://www.redrockcleans.com/,https://www.redrockcleans.com/es/blog/cleaning-tips/carpet-cleaning-to-remove-flea-infestation
https://www.redrockcleans.com/,https://www.redrockcleans.com/es/blog/cleaning-tips/why-you-should-host-a-spring-cleaning-party
https://www.redrockcleans.com/,https://www.redrockcleans.com/es/blog/cleaning-tips/grill-maintenance-101-the-ultimate-guide-to-cleaning-your-outdoor-grill
https://www.redrockcleans.com/,https://www.redrockcleans.com/es/blog/cleaning-tips/step-by-step-guide-effective-techniques-for-removing-ink-stains-from-carpets
https://www.redrockcleans.com/,https://www.redrockcleans.com/es/blog/cleaning-tips/your-essential-guide-to-the-ultimate-move-out-cleaning-checklist
https://www.redrockcleans.com/,https://www.redrockcleans.com/es/blog/cleaning-tips/natures-air-purifiers-the-best-plants-for-cleaner-indoor-air
https://www.redrockcleans.com/,https://www.redrockcleans.com/es/hiring-req
https://www.redrockcleans.com/,https://www.redrockcleans.com/es/hiring-application/how-to-use-the-maidily-mobile-app
https://www.redrockcleans.com/,https://www.redrockcleans.com/es/south-florida
https://www.redrockcleans.com/,https://www.redrockcleans.com/es/south-florida-calculator
https://www.redrockcleans.com/,https://www.redrockcleans.com/es/book-now-south-florida
https://www.redrockcleans.com/,https://www.redrockcleans.com/es/south-florida/post-construction-cleaning-services
https://www.redrockcleans.com/,https://www.redrockcleans.com/es/south-florida/standard-cleaning-services
https://www.redrockcleans.com/,https://www.redrockcleans.com/es/south-florida/deep-cleaning-services
https://www.redrockcleans.com/,https://www.redrockcleans.com/es/south-florida/move-out-cleaning-services
https://www.redrockcleans.com/,https://www.redrockcleans.com/es/south-florida/airbnb-cleaning-services
https://www.redrockcleans.com/,https://www.redrockcleans.com/es/south-florida/church-cleaning
https://www.redrockcleans.com/,https://www.redrockcleans.com/es/south-florida/data-center-cleaning
https://www.redrockcleans.com/,https://www.redrockcleans.com/es/south-florida/factory-cleaning
https://www.redrockcleans.com/,https://www.redrockcleans.com/es/south-florida/government-facility-cleaning
https://www.redrockcleans.com/,https://www.redrockcleans.com/es/south-florida/gym-cleaning
https://www.redrockcleans.com/,https://www.redrockcleans.com/es/south-florida/industrial-cleaning
https://www.redrockcleans.com/,https://www.redrockcleans.com/es/south-florida/medical-office-cleaning
https://www.redrockcleans.com/,https://www.redrockcleans.com/es/south-florida/restaurant-cleaning
https://www.redrockcleans.com/,https://www.redrockcleans.com/es/south-florida/retail-cleaning
https://www.redrockcleans.com/,https://www.redrockcleans.com/es/south-florida/school-cleaning
https://www.redrockcleans.com/,https://www.redrockcleans.com/es/south-florida/showroom-cleaning
https://www.redrockcleans.com/,https://www.redrockcleans.com/es/south-florida/warehouse-cleaning
https://www.redrockcleans.com/,https://www.redrockcleans.com/es/south-florida/salon-spa-cleaning
https://www.redrockcleans.com/,https://www.redrockcleans.com/es/las-vegas
https://www.redrockcleans.com/,https://www.redrockcleans.com/es/las-vegas-calculator
https://www.redrockcleans.com/,https://www.redrockcleans.com/es/book-now-las-vegas
https://www.redrockcleans.com/,https://www.redrockcleans.com/es/las-vegas/airbnb-cleaning-services
https://www.redrockcleans.com/,https://www.redrockcleans.com/es/las-vegas/standard-cleaning-services
https://www.redrockcleans.com/,https://www.redrockcleans.com/es/las-vegas/deep-cleaning-services
https://www.redrockcleans.com/,https://www.redrockcleans.com/es/las-vegas/move-out-cleaning-services
https://www.redrockcleans.com/,https://www.redrockcleans.com/es/las-vegas/post-construction-cleaning-services
https://www.redrockcleans.com/,https://www.redrockcleans.com/es/las-vegas/church-cleaning
https://www.redrockcleans.com/,https://www.redrockcleans.com/es/las-vegas/data-center-cleaning
https://www.redrockcleans.com/,https://www.redrockcleans.com/es/las-vegas/factory-cleaning
https://www.redrockcleans.com/,https://www.redrockcleans.com/es/las-vegas/government-facility-cleaning
https://www.redrockcleans.com/,https://www.redrockcleans.com/es/las-vegas/gym-cleaning
https://www.redrockcleans.com/,https://www.redrockcleans.com/es/las-vegas/industrial-cleaning
https://www.redrockcleans.com/,https://www.redrockcleans.com/es/las-vegas/medical-office-cleaning
https://www.redrockcleans.com/,https://www.redrockcleans.com/es/las-vegas/restaurant-cleaning
https://www.redrockcleans.com/,https://www.redrockcleans.com/es/las-vegas/retail-cleaning
https://www.redrockcleans.com/,https://www.redrockcleans.com/es/las-vegas/showroom-cleaning
https://www.redrockcleans.com/,https://www.redrockcleans.com/es/las-vegas/warehouse-cleaning
https://www.redrockcleans.com/,https://www.redrockcleans.com/es/las-vegas/salon-spa-cleaning
https://www.redrockcleans.com/,https://www.redrockcleans.com/es/las-vegas/school-cleaning
https://www.redrockcleans.com/,https://www.redrockcleans.com/es/oahu
https://www.redrockcleans.com/,https://www.redrockcleans.com/es/oahu-calculator
https://www.redrockcleans.com/,https://www.redrockcleans.com/es/book-now-oahu
https://www.redrockcleans.com/,https://www.redrockcleans.com/es/oahu/move-out-cleaning-services
https://www.redrockcleans.com/,https://www.redrockcleans.com/es/oahu/standard-cleaning-services
https://www.redrockcleans.com/,https://www.redrockcleans.com/es/oahu/deep-cleaning-services
https://www.redrockcleans.com/,https://www.redrockcleans.com/es/oahu/airbnb-cleaning-services
https://www.redrockcleans.com/,https://www.redrockcleans.com/es/oahu/post-construction-cleaning-services
https://www.redrockcleans.com/,https://www.redrockcleans.com/es/oahu/church-cleaning
https://www.redrockcleans.com/,https://www.redrockcleans.com/es/oahu/data-center-cleaning
https://www.redrockcleans.com/,https://www.redrockcleans.com/es/oahu/factory-cleaning
https://www.redrockcleans.com/,https://www.redrockcleans.com/es/oahu/government-facility-cleaning
https://www.redrockcleans.com/,https://www.redrockcleans.com/es/oahu/gym-cleaning
https://www.redrockcleans.com/,https://www.redrockcleans.com/es/oahu/industrial-cleaning
https://www.redrockcleans.com/,https://www.redrockcleans.com/es/oahu/medical-office-cleaning
https://www.redrockcleans.com/,https://www.redrockcleans.com/es/oahu/restaurant-cleaning
https://www.redrockcleans.com/,https://www.redrockcleans.com/es/oahu/retail-cleaning
https://www.redrockcleans.com/,https://www.redrockcleans.com/es/oahu/school-cleaning
https://www.redrockcleans.com/,https://www.redrockcleans.com/es/oahu/showroom-cleaning
https://www.redrockcleans.com/,https://www.redrockcleans.com/es/oahu/warehouse-cleaning
https://www.redrockcleans.com/,https://www.redrockcleans.com/es/oahu/salon-spa-cleaning
https://www.redrockcleans.com/,https://www.redrockcleans.com/es/maui
https://www.redrockcleans.com/,https://www.redrockcleans.com/es/maui-calculator
https://www.redrockcleans.com/,https://www.redrockcleans.com/es/book-now-maui
https://www.redrockcleans.com/,https://www.redrockcleans.com/es/maui/post-construction-cleaning-services
https://www.redrockcleans.com/,https://www.redrockcleans.com/es/maui/move-out-cleaning-services
https://www.redrockcleans.com/,https://www.redrockcleans.com/es/maui/deep-cleaning-services
https://www.redrockcleans.com/,https://www.redrockcleans.com/es/maui/standard-cleaning-services
https://www.redrockcleans.com/,https://www.redrockcleans.com/es/maui/airbnb-cleaning-services
https://www.redrockcleans.com/,https://www.redrockcleans.com/es/maui/church-cleaning
https://www.redrockcleans.com/,https://www.redrockcleans.com/es/maui/data-center-cleaning
https://www.redrockcleans.com/,https://www.redrockcleans.com/es/maui/factory-cleaning
https://www.redrockcleans.com/,https://www.redrockcleans.com/es/maui/government-facility-cleaning
https://www.redrockcleans.com/,https://www.redrockcleans.com/es/maui/gym-cleaning
https://www.redrockcleans.com/,https://www.redrockcleans.com/es/maui/industrial-cleaning
https://www.redrockcleans.com/,https://www.redrockcleans.com/es/maui/medical-office-cleaning
https://www.redrockcleans.com/,https://www.redrockcleans.com/es/maui/restaurant-cleaning
https://www.redrockcleans.com/,https://www.redrockcleans.com/es/maui/retail-cleaning
https://www.redrockcleans.com/,https://www.redrockcleans.com/es/maui/school-cleaning
https://www.redrockcleans.com/,https://www.redrockcleans.com/es/maui/showroom-cleaning
https://www.redrockcleans.com/,https://www.redrockcleans.com/es/maui/warehouse-cleaning
https://www.redrockcleans.com/,https://www.redrockcleans.com/es/maui/salon-spa-cleaning
https://www.redrockcleans.com/,https://www.redrockcleans.com/es/columbus-ohio
https://www.redrockcleans.com/,https://www.redrockcleans.com/es/columbus-ohio-calculator
https://www.redrockcleans.com/,https://www.redrockcleans.com/es/book-now-columbus-ohio
https://www.redrockcleans.com/,https://www.redrockcleans.com/es/columbus-ohio/standard-cleaning-services
https://www.redrockcleans.com/,https://www.redrockcleans.com/es/columbus-ohio/deep-cleaning-services
https://www.redrockcleans.com/,https://www.redrockcleans.com/es/columbus-ohio/move-out-cleaning-services
https://www.redrockcleans.com/,https://www.redrockcleans.com/es/columbus-ohio/post-construction-cleaning-services
https://www.redrockcleans.com/,https://www.redrockcleans.com/es/columbus-ohio/airbnb-cleaning-services
https://www.redrockcleans.com/,https://www.redrockcleans.com/es/columbus-ohio/church-cleaning
https://www.redrockcleans.com/,https://www.redrockcleans.com/es/columbus-ohio/data-center-cleaning
https://www.redrockcleans.com/,https://www.redrockcleans.com/es/columbus-ohio/factory-cleaning
https://www.redrockcleans.com/,https://www.redrockcleans.com/es/columbus-ohio/government-facility-cleaning
https://www.redrockcleans.com/,https://www.redrockcleans.com/es/columbus-ohio/gym-cleaning
https://www.redrockcleans.com/,https://www.redrockcleans.com/es/columbus-ohio/industrial-cleaning
https://www.redrockcleans.com/,https://www.redrockcleans.com/es/columbus-ohio/medical-office-cleaning
https://www.redrockcleans.com/,https://www.redrockcleans.com/es/columbus-ohio/restaurant-cleaning
https://www.redrockcleans.com/,https://www.redrockcleans.com/es/columbus-ohio/retail-cleaning
https://www.redrockcleans.com/,https://www.redrockcleans.com/es/columbus-ohio/school-cleaning
https://www.redrockcleans.com/,https://www.redrockcleans.com/es/columbus-ohio/showroom-cleaning
https://www.redrockcleans.com/,https://www.redrockcleans.com/es/columbus-ohio/warehouse-cleaning
https://www.redrockcleans.com/,https://www.redrockcleans.com/es/columbus-ohio/salon-spa-cleaning
https://www.redrockcleans.com/,https://www.redrockcleans.com/es/dallas
https://www.redrockcleans.com/,https://www.redrockcleans.com/es/dallas-calculator
https://www.redrockcleans.com/,https://www.redrockcleans.com/es/book-now-dallas
https://www.redrockcleans.com/,https://www.redrockcleans.com/es/dallas/post-construction-cleaning-services
https://www.redrockcleans.com/,https://www.redrockcleans.com/es/dallas/airbnb-cleaning-services
https://www.redrockcleans.com/,https://www.redrockcleans.com/es/dallas/move-out-cleaning-services
https://www.redrockcleans.com/,https://www.redrockcleans.com/es/dallas/deep-cleaning-services
https://www.redrockcleans.com/,https://www.redrockcleans.com/es/dallas/standard-cleaning-services
https://www.redrockcleans.com/,https://www.redrockcleans.com/es/dallas/church-cleaning
https://www.redrockcleans.com/,https://www.redrockcleans.com/es/dallas/data-center-cleaning
https://www.redrockcleans.com/,https://www.redrockcleans.com/es/dallas/factory-cleaning
https://www.redrockcleans.com/,https://www.redrockcleans.com/es/dallas/government-facility-cleaning
https://www.redrockcleans.com/,https://www.redrockcleans.com/es/dallas/gym-cleaning
https://www.redrockcleans.com/,https://www.redrockcleans.com/es/dallas/industrial-cleaning
https://www.redrockcleans.com/,https://www.redrockcleans.com/es/dallas/medical-office-cleaning
https://www.redrockcleans.com/,https://www.redrockcleans.com/es/dallas/restaurant-cleaning
https://www.redrockcleans.com/,https://www.redrockcleans.com/es/dallas/retail-cleaning
https://www.redrockcleans.com/,https://www.redrockcleans.com/es/dallas/school-cleaning
https://www.redrockcleans.com/,https://www.redrockcleans.com/es/dallas/showroom-cleaning
https://www.redrockcleans.com/,https://www.redrockcleans.com/es/dallas/warehouse-cleaning
https://www.redrockcleans.com/,https://www.redrockcleans.com/es/dallas/salon-spa-cleaning
