URL,File,Has Description,Current Description,Length,Status
/,src\pages\Index.tsx,Yes,"Professional cleaning services across South Florida, Las Vegas, Hawaii, Columbus Ohio, and Dallas. Residential, commercial, and vacation rental cleaning.",153,OK
/about,src\pages\about\+Page.tsx,Yes,"Learn about Red Rock Cleaning's commitment to providing exceptional cleaning services across multiple locations.",112,Needs Optimization
/about-us,src\pages\AboutUs.tsx,Yes,"Learn about Red Rock Cleaning's commitment to excellence in residential and commercial cleaning services across multiple locations.",131,OK
/airbnb-cleaning,src\pages\AirbnbCleaning.tsx,Yes,"Professional Airbnb and vacation rental cleaning services. Fast turnovers, consistent quality, and guest-ready results every time.",130,OK
/blog,src\pages\Blog.tsx,Yes,"Expert cleaning tips, advice, and guides from Red Rock Cleaning professionals. Learn how to maintain a cleaner, healthier home.",127,OK
/blog/cleaning-tips/6-handy-tips-to-help-you-minimize-your-time-on-housework,src\pages\blog\cleaning-tips\6-handy-tips-to-help-you-minimize-your-time-on-housework\+Page.tsx,Yes,"Tired of endless chores? Discover 6 handy tips to help you minimize your time on housework and reclaim your free time.",118,Needs Optimization
/blog/cleaning-tips/airbnb-bedding-management-you-should-know,src\pages\blog\cleaning-tips\airbnb-bedding-management-you-should-know\+Page.tsx,Yes,"Master Airbnb bedding management with expert tips on selecting, maintaining, and rotating linens for 5-star guest reviews and efficient turnover operations.",156,OK
/blog/cleaning-tips/carpet-cleaning-to-remove-flea-infestation,src\pages\blog\cleaning-tips\carpet-cleaning-to-remove-flea-infestation\+Page.tsx,Yes,"Dealing with a flea infestation? Our step-by-step guide shows you how professional carpet cleaning can help eradicate fleas from your home for good.",148,OK
/blog/cleaning-tips/grill-maintenance-101-the-ultimate-guide-to-cleaning-your-outdoor-grill,src\pages\blog\cleaning-tips\grill-maintenance-101-the-ultimate-guide-to-cleaning-your-outdoor-grill\+Page.tsx,Yes,"Master grill maintenance with our ultimate guide. Learn how to clean your outdoor grill for better taste, longer life, and a healthier cooking experience.",154,OK
/blog/cleaning-tips/health-code-violations,src\pages\blog\cleaning-tips\health-code-violations\+Page.tsx,Yes,"Learn how to avoid and address health code violations in your business. Discover the role of professional commercial cleaning in maintaining compliance.",152,OK
/blog/cleaning-tips/natures-air-purifiers-the-best-plants-for-cleaner-indoor-air,src\pages\blog\cleaning-tips\natures-air-purifiers-the-best-plants-for-cleaner-indoor-air\+Page.tsx,Yes,"Discover the best houseplants for naturally purifying your indoor air. Our guide covers top plants, care tips, and how cleaning complements their benefits.",155,OK
/blog/cleaning-tips/step-by-step-guide-effective-techniques-for-removing-ink-stains-from-carpets,src\pages\blog\cleaning-tips\step-by-step-guide-effective-techniques-for-removing-ink-stains-from-carpets\+Page.tsx,Yes,"Don't panic over ink stains! Follow our step-by-step guide to effectively remove ink from carpets and learn when to call the professionals for stubborn spots.",158,OK
/blog/cleaning-tips/the-science-of-spring-cleaning,src\pages\blog\cleaning-tips\the-science-of-spring-cleaning\+Page.tsx,Yes,"Discover the science of spring cleaning! Learn how decluttering and a deep clean can improve your mood, health, and focus. Get our ultimate checklist.",150,OK
/blog/cleaning-tips/why-you-should-host-a-spring-cleaning-party,src\pages\blog\cleaning-tips\why-you-should-host-a-spring-cleaning-party\+Page.tsx,Yes,"Turn spring cleaning into a fun event! Learn why you should host a spring cleaning party and how to plan one, plus when to call in the pros for tough jobs.",155,OK
/blog/cleaning-tips/your-essential-guide-to-the-ultimate-move-out-cleaning-checklist,src\pages\blog\cleaning-tips\your-essential-guide-to-the-ultimate-move-out-cleaning-checklist\+Page.tsx,Yes,"Our ultimate move-out cleaning checklist ensures you get your security deposit back. Follow our room-by-room guide for a perfect clean, or hire our pros to do it for you.",170,Needs Optimization
/book-now-columbus-ohio,src\pages\locations\ColumbusBooking.tsx,Yes,"Book your professional cleaning service in Columbus Ohio. Easy online booking for house and office cleaning.",108,Needs Optimization
/book-now-dallas,src\pages\locations\DallasBooking.tsx,Yes,"Book your professional cleaning service in Dallas. Easy online booking for residential and commercial cleaning.",111,Needs Optimization
/book-now-las-vegas,src\pages\locations\LasVegasBooking.tsx,Yes,"Book your professional cleaning service in Las Vegas. Easy online booking for residential and commercial cleaning.",114,Needs Optimization
/book-now-maui,src\pages\locations\MauiBooking.tsx,Yes,"Book your professional cleaning service in Maui. Easy online booking for vacation rental and deep cleaning services.",116,Needs Optimization
/book-now-oahu,src\pages\locations\OahuBooking.tsx,Yes,"Book your professional cleaning service in Oahu and Honolulu. Easy online booking for residential and vacation rental cleaning.",127,OK
/book-now-south-florida,src\pages\locations\SouthFloridaBooking.tsx,Yes,"Book your professional cleaning service in South Florida. Easy online booking for residential and vacation rental cleaning.",123,OK
/church-cleaning,src\pages\church-cleaning\+Page.tsx,Yes,"Professional church cleaning services by Red Rock Cleans. We provide respectful, detailed cleaning for sanctuaries, fellowship halls, and all places of worship. Learn more.",172,Needs Optimization
/cleaning-supplies,src\pages\CleaningSupplies.tsx,Yes,"Complete list of cleaning supplies and equipment needed to work as a Red Rock Cleans contractor. Tools, equipment, and cleaning products checklist.",147,OK
/columbus-ohio,src\pages\locations\ColumbusHome.tsx,Yes,"Professional house and office cleaning in Columbus Ohio. Reliable service with easy online booking. Experience quality you can trust.",133,OK
/columbus-ohio-calculator,src\pages\locations\ColumbusCalculator.tsx,Yes,"Calculate your cleaning service cost instantly. Get an accurate quote for house and office cleaning in Columbus Ohio.",117,Needs Optimization
/columbus-ohio/airbnb-cleaning-services,src\pages\columbus-ohio\airbnb-cleaning-services\+Page.tsx,Yes,"Get 5-star reviews with our reliable Airbnb cleaning service in Columbus, OH. Red Rock Cleans offers automated turnover cleaning for vacation rentals in Dublin, the Short North, and beyond.",189,Needs Optimization
/columbus-ohio/church-cleaning,src\pages\columbus-ohio\church-cleaning\+Page.tsx,Yes,"Professional church cleaning services in Columbus, OH. Red Rock Cleans provides respectful, detailed cleaning for places of worship in Dublin, Upper Arlington, and across the area.",180,Needs Optimization
/columbus-ohio/data-center-cleaning,src\pages\columbus-ohio\data-center-cleaning\+Page.tsx,Yes,"Specialized data center cleaning in Columbus, OH. Red Rock Cleans offers ISO 14644-1 compliant server room, sub-floor, and critical environment cleaning in Dublin and New Albany to ensure uptime.",195,Needs Optimization
/columbus-ohio/deep-cleaning-services,src\pages\columbus-ohio\deep-cleaning-services\+Page.tsx,Yes,"Restore your home's sparkle with our thorough deep cleaning service in Columbus, OH. We tackle built-up grime for a truly refreshed home in Dublin, Upper Arlington, and beyond.",176,Needs Optimization
/columbus-ohio/factory-cleaning,src\pages\columbus-ohio\factory-cleaning\+Page.tsx,Yes,"Professional factory cleaning in Columbus, OH. Red Rock Cleans offers heavy-duty cleaning for manufacturing plants in Dublin, Westerville, and beyond to ensure safety and productivity.",184,Needs Optimization
/columbus-ohio/government-facility-cleaning,src\pages\columbus-ohio\government-facility-cleaning\+Page.tsx,Yes,"Secure and compliant government facility cleaning in Columbus, OH. Red Rock Cleans provides discreet, professional cleaning for municipal and federal buildings by security-cleared staff.",186,Needs Optimization
/columbus-ohio/gym-cleaning,src\pages\columbus-ohio\gym-cleaning\+Page.tsx,Yes,"Professional gym cleaning in Columbus, OH. Red Rock Cleans provides hygienic fitness center sanitation, including equipment disinfection, in Dublin, Upper Arlington, and beyond.",177,Needs Optimization
/columbus-ohio/industrial-cleaning,src\pages\columbus-ohio\industrial-cleaning\+Page.tsx,Yes,"Heavy-duty industrial cleaning services in Columbus, OH. Red Rock Cleans provides OSHA compliant cleaning for manufacturing plants and facilities in Dublin, Westerville, and beyond.",181,Needs Optimization
/columbus-ohio/medical-office-cleaning,src\pages\columbus-ohio\medical-office-cleaning\+Page.tsx,Yes,"Specialized medical office cleaning in Columbus, OH. Red Rock Cleans provides HIPAA and OSHA compliant cleaning for clinics and healthcare facilities in Dublin, Upper Arlington, and beyond.",189,Needs Optimization
/columbus-ohio/move-out-cleaning-services,src\pages\columbus-ohio\move-out-cleaning-services\+Page.tsx,Yes,"Secure your deposit with our reliable move out cleaning service in Columbus, OH. We provide thorough end-of-tenancy cleaning in Dublin, Upper Arlington, and beyond. Book today!",176,Needs Optimization
/columbus-ohio/post-construction-cleaning-services,src\pages\columbus-ohio\post-construction-cleaning-services\+Page.tsx,Yes,"Professional post construction cleaning in Columbus, OH. Red Rock Cleans handles construction cleanup for new builds and renovations in Dublin, Upper Arlington, and beyond. Get a detailed quote!",194,Needs Optimization
/columbus-ohio/restaurant-cleaning,src\pages\columbus-ohio\restaurant-cleaning\+Page.tsx,Yes,"Professional restaurant cleaning in Columbus, OH. Red Rock Cleans helps you pass health inspections and earn 5-star reviews with comprehensive kitchen and dining room cleaning.",176,Needs Optimization
/columbus-ohio/retail-cleaning,src\pages\columbus-ohio\retail-cleaning\+Page.tsx,Yes,"Professional retail store cleaning in Columbus, OH. Red Rock Cleans helps enhance your brand image with spotless storefronts and sales floors in Dublin, the Short North, and beyond.",181,Needs Optimization
/columbus-ohio/salon-spa-cleaning,src\pages\columbus-ohio\salon-spa-cleaning\+Page.tsx,Yes,"Professional salon and spa cleaning in Columbus, OH. Red Rock Cleans ensures a pristine, hygienic, and relaxing environment for hair salons, day spas, and medispas in Dublin and the Short North.",194,Needs Optimization
/columbus-ohio/school-cleaning,src\pages\columbus-ohio\school-cleaning\+Page.tsx,Yes,"Professional school cleaning services in Columbus, OH. Red Rock Cleans provides a safe and healthy learning environment for students in Dublin, Upper Arlington, and beyond.",172,Needs Optimization
/columbus-ohio/showroom-cleaning,src\pages\columbus-ohio\showroom-cleaning\+Page.tsx,Yes,"Professional showroom cleaning in Columbus, OH. Red Rock Cleans enhances your product presentation with meticulous cleaning for car dealerships and luxury retail in Dublin and New Albany.",187,Needs Optimization
/columbus-ohio/standard-cleaning-services,src\pages\columbus-ohio\standard-cleaning-services\+Page.tsx,Yes,"Keep your Columbus home consistently beautiful with our reliable standard cleaning service. We offer flexible maid services in Dublin, Upper Arlington, and beyond. Get your free quote!",184,Needs Optimization
/columbus-ohio/warehouse-cleaning,src\pages\columbus-ohio\warehouse-cleaning\+Page.tsx,Yes,"Professional warehouse cleaning in Columbus, OH. Red Rock Cleans improves safety and efficiency with comprehensive floor scrubbing, high-bay dusting, and more for logistics centers.",181,Needs Optimization
/commercial-cleaning,src\pages\CommercialCleaning.tsx,Yes,"Professional commercial cleaning services for offices, retail spaces, and businesses. Maintain a pristine workplace environment.",128,OK
/commercial-cleaning-cost-estimator,src\pages\commercial-cleaning-cost-estimator\index.page.tsx,Yes,"Get a free ballpark estimate for your commercial cleaning needs. Budget confidently using industry averages, then refine with your location.",140,OK
/commercial-cleaning-cost-estimator/index.page.server,src\pages\commercial-cleaning-cost-estimator\index.page.server.tsx,No,,0,Needs Optimization
/commercial-cleaning-estimator,src\pages\CommercialCleaningEstimator.tsx,Yes,"Calculate your commercial cleaning costs instantly. Get accurate pricing for office, retail, and business cleaning services across all our locations.",149,OK
/commercial-cleaning-time-estimator,src\pages\commercial-cleaning-time-estimator\index.page.tsx,Yes,"Use our free tool to estimate how long professional commercial cleaning will take based on ISSA standards. Get an instant time estimate to plan your budget.",156,OK
/commercial-cleaning-time-estimator/index.page.server,src\pages\commercial-cleaning-time-estimator\index.page.server.tsx,No,,0,Needs Optimization
/commercial-quote,src\pages\commercial-quote\index.page.tsx,No,,0,Needs Optimization
/commercial-quote/index.page.server,src\pages\commercial-quote\index.page.server.tsx,No,,0,Needs Optimization
/contact,src\pages\contact\+Page.tsx,Yes,"Get in touch with Red Rock Cleaning for professional cleaning services. Contact us today for a free quote.",106,Needs Optimization
/contact,src\pages\Contact.tsx,Yes,"Get in touch with Red Rock Cleaning. Contact information for all our locations including phone numbers and email addresses.",123,OK
/dallas,src\pages\locations\DallasHome.tsx,Yes,"Premium residential and commercial cleaning packages in Dallas. Professional, reliable cleaning services you can trust.",119,Needs Optimization
/dallas-calculator,src\pages\locations\DallasCalculator.tsx,Yes,"Calculate your cleaning service cost instantly. Get an accurate quote for house and commercial cleaning in Dallas.",114,Needs Optimization
/dallas/airbnb-cleaning-services,src\pages\dallas\airbnb-cleaning-services\+Page.tsx,Yes,"Get 5-star reviews with our reliable Airbnb cleaning service in Dallas. Red Rock Cleans offers automated turnover cleaning for vacation rentals in Uptown, Plano, and beyond.",173,Needs Optimization
/dallas/church-cleaning,src\pages\dallas\church-cleaning\+Page.tsx,Yes,"Professional church cleaning services in Dallas. Red Rock Cleans provides respectful, detailed cleaning for places of worship in Plano, Frisco, and across the Dallas area.",171,Needs Optimization
/dallas/data-center-cleaning,src\pages\dallas\data-center-cleaning\+Page.tsx,Yes,"Specialized data center cleaning in Dallas. Red Rock Cleans offers ISO 14644-1 compliant server room, sub-floor, and critical environment cleaning in Plano and Frisco to ensure uptime.",184,Needs Optimization
/dallas/deep-cleaning-services,src\pages\dallas\deep-cleaning-services\+Page.tsx,Yes,"Restore your home's sparkle with our thorough deep cleaning service in Dallas. We tackle built-up grime for a truly refreshed home in Plano, Frisco, and beyond. Get your free quote!",181,Needs Optimization
/dallas/factory-cleaning,src\pages\dallas\factory-cleaning\+Page.tsx,Yes,"Heavy-duty factory cleaning in Dallas. Red Rock Cleans offers comprehensive cleaning for manufacturing plants in Plano, Frisco, and across the Dallas area to ensure safety and productivity.",189,Needs Optimization
/dallas/government-facility-cleaning,src\pages\dallas\government-facility-cleaning\+Page.tsx,Yes,"Secure and compliant government facility cleaning in Dallas. Red Rock Cleans provides discreet, professional cleaning for municipal and federal buildings in Plano and Frisco by security-cleared staff.",200,Needs Optimization
/dallas/gym-cleaning,src\pages\dallas\gym-cleaning\+Page.tsx,Yes,"Professional gym cleaning in Dallas. Red Rock Cleans provides hygienic fitness center and health club sanitation, including equipment disinfection and locker room cleaning in Plano and Frisco.",192,Needs Optimization
/dallas/industrial-cleaning,src\pages\dallas\industrial-cleaning\+Page.tsx,Yes,"Heavy-duty industrial cleaning services in Dallas. Red Rock Cleans provides OSHA compliant cleaning for manufacturing plants, equipment, and industrial facilities to ensure safety and uptime.",191,Needs Optimization
/dallas/medical-office-cleaning,src\pages\dallas\medical-office-cleaning\+Page.tsx,Yes,"Specialized medical office cleaning in Dallas. Red Rock Cleans provides HIPAA and OSHA compliant cleaning for clinics and healthcare facilities in Plano, Frisco, and beyond.",173,Needs Optimization
/dallas/move-out-cleaning-services,src\pages\dallas\move-out-cleaning-services\+Page.tsx,Yes,"Secure your deposit with our reliable move out cleaning service in Dallas. We provide thorough end-of-tenancy cleaning in Plano, Frisco, and beyond. Book today!",160,Needs Optimization
/dallas/post-construction-cleaning-services,src\pages\dallas\post-construction-cleaning-services\+Page.tsx,Yes,"Professional post construction cleaning service in Dallas. Red Rock Cleans handles construction cleanup for new builds and renovations in Plano, Frisco, and beyond. Get a detailed quote today!",192,Needs Optimization
/dallas/restaurant-cleaning,src\pages\dallas\restaurant-cleaning\+Page.tsx,Yes,"Professional restaurant cleaning in Dallas. Red Rock Cleans helps you pass health inspections and earn 5-star reviews with comprehensive kitchen and dining room cleaning.",170,Needs Optimization
/dallas/retail-cleaning,src\pages\dallas\retail-cleaning\+Page.tsx,Yes,"Professional retail store cleaning in Dallas. Red Rock Cleans helps enhance your brand image and customer experience with spotless storefronts and sales floors in Plano, Frisco, and beyond.",189,Needs Optimization
/dallas/salon-spa-cleaning,src\pages\dallas\salon-spa-cleaning\+Page.tsx,Yes,"Professional salon and spa cleaning in Dallas. Red Rock Cleans ensures a pristine, hygienic, and relaxing environment for hair salons, day spas, and medispas in Plano, Frisco, and beyond.",187,Needs Optimization
/dallas/school-cleaning,src\pages\dallas\school-cleaning\+Page.tsx,Yes,"Professional school cleaning services in Dallas. Red Rock Cleans provides a safe and healthy learning environment for students in Plano, Frisco, and across the Dallas area.",172,Needs Optimization
/dallas/showroom-cleaning,src\pages\dallas\showroom-cleaning\+Page.tsx,Yes,"Professional showroom cleaning in Dallas. Red Rock Cleans enhances your product presentation with meticulous cleaning for car dealerships, furniture stores, and more in Plano and Frisco.",186,Needs Optimization
/dallas/standard-cleaning-services,src\pages\dallas\standard-cleaning-services\+Page.tsx,Yes,"Keep your Dallas home consistently beautiful with our reliable standard cleaning service. We offer flexible maid services in Plano, Frisco, and beyond. Get your free quote!",172,Needs Optimization
/dallas/warehouse-cleaning,src\pages\dallas\warehouse-cleaning\+Page.tsx,Yes,"Professional warehouse cleaning in Dallas. Red Rock Cleans improves safety and efficiency with comprehensive floor scrubbing, high-bay dusting, and more for logistics centers in Plano and Frisco.",195,Needs Optimization
/data-center-cleaning,src\pages\data-center-cleaning\+Page.tsx,Yes,"Specialized data center cleaning services. Red Rock Cleans provides professional server room, sub-floor, and critical environment cleaning to prevent downtime. Learn more.",171,Needs Optimization
/deep-cleaning,src\pages\DeepCleaning.tsx,Yes,"Comprehensive deep cleaning services that reach every corner. Perfect for seasonal cleaning, move-in/out, or thorough home sanitization.",136,OK
/deep-cleaning-services,src\pages\deep-cleaning-services\+Page.tsx,Yes,"Comprehensive deep cleaning services for your home. Thorough cleaning that reaches every corner and surface.",108,Needs Optimization
/f-a-q,src\pages\FAQ.tsx,Yes,"Find answers to common questions about our cleaning services, pricing, scheduling, and more.",92,Needs Optimization
/factory-cleaning,src\pages\factory-cleaning\+Page.tsx,Yes,"Professional factory cleaning services. Red Rock Cleans provides heavy-duty cleaning for manufacturing plants to ensure safety, compliance, and productivity. Learn more.",169,Needs Optimization
/general-retail-cleaning,src\pages\general-retail-cleaning\+Page.tsx,Yes,"Professional retail store cleaning services. Red Rock Cleans helps enhance your brand image and customer experience with spotless storefronts, sales floors, and more.",166,Needs Optimization
/government-facility-cleaning,src\pages\government-facility-cleaning\+Page.tsx,Yes,"Secure and compliant government facility cleaning. Red Rock Cleans provides discreet, professional cleaning for municipal, federal, and public buildings by security-cleared staff.",179,Needs Optimization
/gym-cleaning,src\pages\gym-cleaning\+Page.tsx,Yes,"Professional gym and fitness center cleaning services. Sanitize equipment, locker rooms, and common areas with our specialized cleaning protocols.",146,OK
/hiring-application-new,src\pages\HiringApplicationNew.tsx,Yes,"Apply to join the Red Rock Cleans team. Complete our work application form to start your career in professional cleaning services.",130,OK
/hiring-requirements,src\pages\HiringRequirements.tsx,Yes,"Explore career opportunities at Red Rock Cleaning. Learn about our hiring requirements and join our professional cleaning team.",127,OK
/index,src\pages\index\+Page.tsx,Yes,"Professional cleaning services across South Florida, Las Vegas, Hawaii, Columbus Ohio, and Dallas. Residential, commercial, and vacation rental cleaning.",153,OK
/industrial-cleaning,src\pages\industrial-cleaning\+Page.tsx,Yes,"Heavy-duty industrial cleaning services for factories, plants, and warehouses. OSHA-compliant cleaning to protect workers, equipment, and uptime.",145,OK
/las-vegas,src\pages\locations\LasVegasHome.tsx,Yes,"Professional residential and commercial cleaning services in Las Vegas and Henderson. Reliable, quality cleaning you can trust.",127,OK
/las-vegas-calculator,src\pages\locations\LasVegasCalculator.tsx,Yes,"Calculate your cleaning service cost instantly. Get an accurate quote for house and office cleaning in Las Vegas.",113,Needs Optimization
/las-vegas/airbnb-cleaning-services,src\pages\las-vegas\airbnb-cleaning-services\+Page.tsx,Yes,"5-star Airbnb cleaning services in Las Vegas. Red Rock Cleans offers reliable, automated turnover cleaning for vacation rentals to impress every guest. Get your free instant quote today!",186,Needs Optimization
/las-vegas/church-cleaning,src\pages\las-vegas\church-cleaning\+Page.tsx,Yes,"Professional church cleaning services in Las Vegas. Red Rock Cleans provides respectful, detailed cleaning for places of worship in Henderson, Summerlin, and across the valley.",176,Needs Optimization
/las-vegas/data-center-cleaning,src\pages\las-vegas\data-center-cleaning\+Page.tsx,Yes,"Specialized data center cleaning in Las Vegas. Red Rock Cleans offers ISO 14644-1 compliant server room, sub-floor, and critical environment cleaning to ensure uptime.",167,Needs Optimization
/las-vegas/deep-cleaning-services,src\pages\las-vegas\deep-cleaning-services\+Page.tsx,Yes,"Restore your home's sparkle with our thorough deep cleaning service in Las Vegas. Red Rock Cleans tackles built-up grime for a truly refreshed home. Get your free quote!",169,Needs Optimization
/las-vegas/factory-cleaning,src\pages\las-vegas\factory-cleaning\+Page.tsx,Yes,"Professional factory cleaning in Las Vegas. Red Rock Cleans offers heavy-duty cleaning for manufacturing plants in Henderson, North Las Vegas, and beyond to ensure safety and productivity.",188,Needs Optimization
/las-vegas/government-facility-cleaning,src\pages\las-vegas\government-facility-cleaning\+Page.tsx,Yes,"Secure and compliant government facility cleaning in Las Vegas. Red Rock Cleans provides discreet, professional cleaning for municipal and federal buildings by security-cleared staff.",183,Needs Optimization
/las-vegas/gym-cleaning,src\pages\las-vegas\gym-cleaning\+Page.tsx,Yes,"Professional gym cleaning in Las Vegas. Red Rock Cleans provides hygienic fitness center and health club sanitation, including equipment disinfection and locker room cleaning in Henderson and Summerlin.",202,Needs Optimization
/las-vegas/industrial-cleaning,src\pages\las-vegas\industrial-cleaning\+Page.tsx,Yes,"Heavy-duty industrial cleaning services in Las Vegas. Red Rock Cleans provides OSHA compliant cleaning for manufacturing plants, equipment, and industrial facilities to ensure safety and uptime.",194,Needs Optimization
/las-vegas/medical-office-cleaning,src\pages\las-vegas\medical-office-cleaning\+Page.tsx,Yes,"Specialized medical office cleaning in Las Vegas. Red Rock Cleans provides HIPAA and OSHA compliant cleaning for clinics and healthcare facilities in Henderson, Summerlin, and beyond.",183,Needs Optimization
/las-vegas/move-out-cleaning-services,src\pages\las-vegas\move-out-cleaning-services\+Page.tsx,Yes,"Secure your deposit with our reliable move out cleaning service in Las Vegas. Red Rock Cleans provides thorough end-of-tenancy cleaning for renters and sellers. Book today!",172,Needs Optimization
/las-vegas/post-construction-cleaning-services,src\pages\las-vegas\post-construction-cleaning-services\+Page.tsx,Yes,"Professional post construction cleaning service in Las Vegas. Red Rock Cleans handles all construction cleanup for new builds and renovations. Get your free, detailed quote today!",179,Needs Optimization
/las-vegas/restaurant-cleaning,src\pages\las-vegas\restaurant-cleaning\+Page.tsx,Yes,"Professional restaurant cleaning in Las Vegas. Red Rock Cleans helps you pass health inspections and earn 5-star reviews with comprehensive kitchen and dining room cleaning.",173,Needs Optimization
/las-vegas/retail-cleaning,src\pages\las-vegas\retail-cleaning\+Page.tsx,Yes,"Professional retail store cleaning in Las Vegas. Red Rock Cleans helps enhance your brand image and customer experience with spotless storefronts, sales floors, and more.",170,Needs Optimization
/las-vegas/salon-spa-cleaning,src\pages\las-vegas\salon-spa-cleaning\+Page.tsx,No,,0,Needs Optimization
/las-vegas/school-cleaning,src\pages\las-vegas\school-cleaning\+Page.tsx,Yes,"Professional school cleaning services in Las Vegas. Red Rock Cleans provides a safe and healthy learning environment for students in Henderson, Summerlin, and across Clark County.",179,Needs Optimization
/las-vegas/showroom-cleaning,src\pages\las-vegas\showroom-cleaning\+Page.tsx,Yes,"Professional showroom cleaning in Las Vegas. Impeccable floors, glass, and product presentation for dealerships and retail showrooms.",133,OK
/las-vegas/standard-cleaning-services,src\pages\las-vegas\standard-cleaning-services\+Page.tsx,Yes,"Keep your Las Vegas home consistently beautiful with our reliable standard cleaning service. Red Rock Cleans offers flexible maid services for a spotless home. Get your free quote!",180,Needs Optimization
/las-vegas/warehouse-cleaning,src\pages\las-vegas\warehouse-cleaning\+Page.tsx,No,,0,Needs Optimization
/maidily-app,src\pages\MaidilyApp.tsx,Yes,"Learn how to use the Maidily mobile app for managing schedules, tracking jobs, and streamlining your work at Red Rock Cleaning.",127,OK
/maui,src\pages\locations\MauiHome.tsx,Yes,"Professional vacation rental, deep, and recurring cleaning services in Maui. Premium cleaning for your Hawaiian paradise.",121,OK
/maui-calculator,src\pages\locations\MauiCalculator.tsx,Yes,"Calculate your cleaning service cost instantly. Get an accurate quote for house and vacation rental cleaning in Maui.",117,Needs Optimization
/maui/airbnb-cleaning-services,src\pages\maui\airbnb-cleaning-services\+Page.tsx,Yes,"Get 5-star reviews with our reliable Airbnb cleaning service on Maui. Red Rock Cleans offers automated turnover cleaning for vacation rentals in Wailea, Lahaina, and beyond.",173,Needs Optimization
/maui/church-cleaning,src\pages\maui\church-cleaning\+Page.tsx,Yes,"Professional church cleaning services on Maui. Red Rock Cleans provides respectful, detailed cleaning for places of worship in Wailea, Lahaina, and across the island.",166,Needs Optimization
/maui/data-center-cleaning,src\pages\maui\data-center-cleaning\+Page.tsx,Yes,"Specialized data center cleaning on Maui. Red Rock Cleans offers ISO 14644-1 compliant server room, sub-floor, and critical environment cleaning to ensure uptime.",162,Needs Optimization
/maui/deep-cleaning-services,src\pages\maui\deep-cleaning-services\+Page.tsx,Yes,"Restore your home's sparkle with our thorough deep cleaning service on Maui. Red Rock Cleans tackles built-up grime for a truly refreshed home in Wailea, Lahaina, and beyond. Get your free quote!",195,Needs Optimization
/maui/factory-cleaning,src\pages\maui\factory-cleaning\+Page.tsx,Yes,"Professional factory cleaning on Maui. Red Rock Cleans offers heavy-duty cleaning for manufacturing plants in Lahaina, Kihei, and beyond to ensure safety and productivity.",171,Needs Optimization
/maui/government-facility-cleaning,src\pages\maui\government-facility-cleaning\+Page.tsx,Yes,"Secure and compliant government facility cleaning on Maui. Red Rock Cleans provides discreet, professional cleaning for municipal and federal buildings by security-cleared staff.",178,Needs Optimization
/maui/gym-cleaning,src\pages\maui\gym-cleaning\+Page.tsx,Yes,"Professional gym cleaning on Maui. Red Rock Cleans provides hygienic fitness center and health club sanitation, including equipment disinfection and locker room cleaning in Kihei and Lahaina.",191,Needs Optimization
/maui/industrial-cleaning,src\pages\maui\industrial-cleaning\+Page.tsx,Yes,"Heavy-duty industrial cleaning services on Maui. Red Rock Cleans provides OSHA compliant cleaning for manufacturing plants, equipment, and industrial facilities to ensure safety and uptime.",189,Needs Optimization
/maui/medical-office-cleaning,src\pages\maui\medical-office-cleaning\+Page.tsx,Yes,"Specialized medical office cleaning on Maui. Red Rock Cleans provides HIPAA and OSHA compliant cleaning for clinics and healthcare facilities in Wailea, Lahaina, and beyond.",173,Needs Optimization
/maui/move-out-cleaning-services,src\pages\maui\move-out-cleaning-services\+Page.tsx,Yes,"Secure your deposit with our reliable move out cleaning service on Maui. We provide thorough end-of-tenancy cleaning in Wailea, Lahaina, and beyond. Book today!",160,Needs Optimization
/maui/post-construction-cleaning-services,src\pages\maui\post-construction-cleaning-services\+Page.tsx,Yes,"Professional post construction cleaning on Maui. Red Rock Cleans handles all construction cleanup for new builds and renovations in Wailea, Lahaina, and beyond. Get a detailed quote today!",188,Needs Optimization
/maui/restaurant-cleaning,src\pages\maui\restaurant-cleaning\+Page.tsx,Yes,"Professional restaurant cleaning on Maui. Red Rock Cleans helps you pass health inspections and earn 5-star reviews with comprehensive kitchen and dining room cleaning in Lahaina and Kihei.",189,Needs Optimization
/maui/retail-cleaning,src\pages\maui\retail-cleaning\+Page.tsx,Yes,"Professional retail store cleaning on Maui. Red Rock Cleans helps enhance your brand image and customer experience with spotless storefronts and sales floors in Wailea, Lahaina, and beyond.",189,Needs Optimization
/maui/salon-spa-cleaning,src\pages\maui\salon-spa-cleaning\+Page.tsx,Yes,"Professional salon and spa cleaning on Maui. Red Rock Cleans ensures a pristine, hygienic, and relaxing environment for hair salons, day spas, and medispas in Wailea, Lahaina, and beyond.",187,Needs Optimization
/maui/school-cleaning,src\pages\maui\school-cleaning\+Page.tsx,Yes,"Professional school cleaning services on Maui. Red Rock Cleans provides a safe and healthy learning environment for students in Kihei, Lahaina, and across the island.",166,Needs Optimization
/maui/showroom-cleaning,src\pages\maui\showroom-cleaning\+Page.tsx,Yes,"Professional showroom cleaning on Maui. Red Rock Cleans enhances your product presentation with meticulous cleaning for car dealerships, furniture stores, and more in Wailea and Lahaina.",186,Needs Optimization
/maui/standard-cleaning-services,src\pages\maui\standard-cleaning-services\+Page.tsx,Yes,"Keep your Maui home consistently beautiful with our reliable standard cleaning service. We offer flexible maid services in Wailea, Kihei, and beyond. Get your free quote!",170,Needs Optimization
/maui/warehouse-cleaning,src\pages\maui\warehouse-cleaning\+Page.tsx,Yes,"Professional warehouse cleaning on Maui. Red Rock Cleans improves safety and efficiency with comprehensive floor scrubbing, high-bay dusting, and more for logistics centers.",173,Needs Optimization
/medical-office-cleaning,src\pages\medical-office-cleaning\+Page.tsx,Yes,"Specialized medical office cleaning services. Red Rock Cleans provides HIPAA and OSHA compliant cleaning for clinics and healthcare facilities to ensure patient safety. Learn more.",180,Needs Optimization
/move-out-cleaning,src\pages\MoveOutCleaning.tsx,Yes,"Professional move out cleaning services. Get your security deposit back with our thorough move-out cleaning. Available in South Florida, Las Vegas, Hawaii, Columbus Ohio, and Dallas.",182,Needs Optimization
/not-found,src\pages\NotFound.tsx,No,,0,Needs Optimization
/oahu,src\pages\locations\OahuHome.tsx,Yes,"Professional residential and vacation rental cleaning services in Oahu and Honolulu. Experience premium Hawaiian cleaning services.",131,OK
/oahu-calculator,src\pages\locations\OahuCalculator.tsx,Yes,"Calculate your cleaning service cost instantly. Get an accurate quote for house cleaning in Oahu and Honolulu.",110,Needs Optimization
/oahu/airbnb-cleaning-services,src\pages\oahu\airbnb-cleaning-services\+Page.tsx,Yes,"Get 5-star reviews with our reliable Airbnb cleaning service on Oahu. Red Rock Cleans offers automated turnover cleaning for vacation rentals in Honolulu, Waikiki, and beyond.",175,Needs Optimization
/oahu/church-cleaning,src\pages\oahu\church-cleaning\+Page.tsx,Yes,"Professional church cleaning services on Oahu. Red Rock Cleans provides respectful, detailed cleaning for places of worship in Honolulu, Kailua, and across the island.",167,Needs Optimization
/oahu/data-center-cleaning,src\pages\oahu\data-center-cleaning\+Page.tsx,Yes,"Specialized data center cleaning on Oahu. Red Rock Cleans offers ISO 14644-1 compliant server room, sub-floor, and critical environment cleaning in Honolulu and across the island to ensure uptime.",196,Needs Optimization
/oahu/deep-cleaning-services,src\pages\oahu\deep-cleaning-services\+Page.tsx,Yes,"Restore your home's sparkle with our thorough deep cleaning service on Oahu. Red Rock Cleans tackles built-up grime for a truly refreshed home in Honolulu and beyond. Get your free quote!",187,Needs Optimization
/oahu/factory-cleaning,src\pages\oahu\factory-cleaning\+Page.tsx,Yes,"Professional factory cleaning on Oahu. Red Rock Cleans offers heavy-duty cleaning for manufacturing plants in Honolulu, Kapolei, and beyond to ensure safety and productivity.",174,Needs Optimization
/oahu/government-facility-cleaning,src\pages\oahu\government-facility-cleaning\+Page.tsx,Yes,"Secure and compliant government facility cleaning on Oahu. Red Rock Cleans provides discreet, professional cleaning for municipal and federal buildings in Honolulu and across the island by security-cleared staff.",212,Needs Optimization
/oahu/gym-cleaning,src\pages\oahu\gym-cleaning\+Page.tsx,Yes,"Professional gym cleaning on Oahu. Red Rock Cleans provides hygienic fitness center and health club sanitation, including equipment disinfection and locker room cleaning in Honolulu and Kailua.",193,Needs Optimization
/oahu/industrial-cleaning,src\pages\oahu\industrial-cleaning\+Page.tsx,Yes,"Heavy-duty industrial cleaning services on Oahu. Red Rock Cleans provides OSHA compliant cleaning for manufacturing plants, equipment, and industrial facilities in Honolulu and Kapolei.",185,Needs Optimization
/oahu/medical-office-cleaning,src\pages\oahu\medical-office-cleaning\+Page.tsx,Yes,"Specialized medical office cleaning on Oahu. Red Rock Cleans provides HIPAA and OSHA compliant cleaning for clinics and healthcare facilities in Honolulu, Kailua, and beyond.",174,Needs Optimization
/oahu/move-out-cleaning-services,src\pages\oahu\move-out-cleaning-services\+Page.tsx,Yes,"Secure your deposit with our reliable move out cleaning service on Oahu. Red Rock Cleans provides thorough end-of-tenancy cleaning for renters and sellers in Honolulu and beyond. Book today!",190,Needs Optimization
/oahu/post-construction-cleaning-services,src\pages\oahu\post-construction-cleaning-services\+Page.tsx,Yes,"Professional post construction cleaning on Oahu. Red Rock Cleans handles all construction cleanup for new builds and renovations in Honolulu and beyond. Get a detailed quote today!",180,Needs Optimization
/oahu/restaurant-cleaning,src\pages\oahu\restaurant-cleaning\+Page.tsx,Yes,"Professional restaurant cleaning on Oahu. Red Rock Cleans helps you pass health inspections and earn 5-star reviews with comprehensive kitchen and dining room cleaning in Honolulu and Waikiki.",192,Needs Optimization
/oahu/retail-cleaning,src\pages\oahu\retail-cleaning\+Page.tsx,Yes,"Professional retail store cleaning on Oahu. Red Rock Cleans helps enhance your brand image and customer experience with spotless storefronts and sales floors in Honolulu, Waikiki, and beyond.",191,Needs Optimization
/oahu/salon-spa-cleaning,src\pages\oahu\salon-spa-cleaning\+Page.tsx,Yes,"Professional salon and spa cleaning on Oahu. Red Rock Cleans ensures a pristine, hygienic, and relaxing environment for hair salons, day spas, and medispas in Honolulu and Waikiki.",180,Needs Optimization
/oahu/school-cleaning,src\pages\oahu\school-cleaning\+Page.tsx,Yes,"Professional school cleaning services on Oahu. Red Rock Cleans provides a safe and healthy learning environment for students in Honolulu, Kailua, and across the island.",168,Needs Optimization
/oahu/showroom-cleaning,src\pages\oahu\showroom-cleaning\+Page.tsx,Yes,"Professional showroom cleaning on Oahu. Red Rock Cleans enhances your product presentation with meticulous cleaning for car dealerships, furniture stores, and more in Honolulu and Waikiki.",188,Needs Optimization
/oahu/standard-cleaning-services,src\pages\oahu\standard-cleaning-services\+Page.tsx,Yes,"Keep your home consistently beautiful with our reliable standard cleaning service on Oahu. Red Rock Cleans offers flexible maid services in Honolulu and beyond. Get your free quote!",181,Needs Optimization
/oahu/warehouse-cleaning,src\pages\oahu\warehouse-cleaning\+Page.tsx,Yes,"Professional warehouse cleaning on Oahu. Red Rock Cleans improves safety and efficiency with comprehensive floor scrubbing, high-bay dusting, and more for logistics centers in Honolulu and Kapolei.",197,Needs Optimization
/post-construction,src\pages\PostConstruction.tsx,Yes,"Specialized post-construction cleaning to remove dust, debris, and make your newly built or renovated space move-in ready.",122,OK
/privacy-policy,src\pages\PrivacyPolicy.tsx,Yes,"Review the Red Rock Cleans privacy policy. Learn how we collect, use, and protect your personal information when you use our website and services.",146,OK
/residential-cleaning,src\pages\ResidentialCleaning.tsx,Yes,"Professional residential cleaning services for your home. From regular maintenance to deep cleaning, we keep your house spotless.",129,OK
/restaurant-cleaning,src\pages\restaurant-cleaning\+Page.tsx,Yes,"Professional restaurant cleaning services. We help you pass health inspections and earn 5-star reviews with comprehensive kitchen and dining room cleaning.",155,OK
/salon-spa-cleaning,src\pages\salon-spa-cleaning\+Page.tsx,Yes,"Professional salon and spa cleaning services. Red Rock Cleans ensures pristine, hygienic, and relaxing environments for hair salons, day spas, nail salons, and medispas.",169,Needs Optimization
/school-cleaning,src\pages\school-cleaning\+Page.tsx,Yes,"Professional school cleaning services. Red Rock Cleans provides a safe and healthy learning environment for students and staff with our comprehensive janitorial services.",170,Needs Optimization
/showroom-cleaning,src\pages\showroom-cleaning\+Page.tsx,Yes,"Professional showroom cleaning services. Red Rock Cleans enhances your product presentation and client experience with meticulous cleaning for car dealerships, furniture stores, and more.",187,Needs Optimization
/sitemap,src\pages\Sitemap.tsx,Yes,"Browse our complete sitemap to find all Red Rock Cleaning pages and services.",77,Needs Optimization
/south-florida,src\pages\locations\SouthFloridaHome.tsx,Yes,"Servicios premium de limpieza residencial y de alquiler vacacional en el sur de Florida, Weston, y Fort Lauderdale. Reserva tu servicio de limpieza profesional hoy.",164,Needs Optimization
/south-florida-calculator,src\pages\locations\SouthFloridaCalculator.tsx,Yes,"Calculate your cleaning service cost instantly. Get an accurate quote for house cleaning in South Florida, Weston, and Fort Lauderdale.",135,OK
/south-florida/airbnb-cleaning-services,src\pages\south-florida\airbnb-cleaning-services\+Page.tsx,Yes,"Get 5-star reviews with our reliable Airbnb cleaning service in South Florida. Red Rock Cleans offers automated turnover cleaning for vacation rentals in Fort Lauderdale, Weston, and beyond.",190,Needs Optimization
/south-florida/church-cleaning,src\pages\south-florida\church-cleaning\+Page.tsx,Yes,"Professional church cleaning services in South Florida. Red Rock Cleans provides respectful, detailed cleaning for places of worship in Fort Lauderdale, Weston, and across the region.",183,Needs Optimization
/south-florida/data-center-cleaning,src\pages\south-florida\data-center-cleaning\+Page.tsx,Yes,"Specialized data center cleaning in South Florida. Red Rock Cleans offers ISO 14644-1 compliant server room, sub-floor, and critical environment cleaning in Fort Lauderdale and Weston to ensure uptime.",201,Needs Optimization
/south-florida/deep-cleaning-services,src\pages\south-florida\deep-cleaning-services\+Page.tsx,Yes,"Restore your home's sparkle with our thorough deep cleaning service in South Florida. We tackle built-up grime for a truly refreshed home in Fort Lauderdale, Weston, and beyond.",177,Needs Optimization
/south-florida/factory-cleaning,src\pages\south-florida\factory-cleaning\+Page.tsx,Yes,"Professional factory cleaning in South Florida. Red Rock Cleans offers heavy-duty cleaning for manufacturing plants in Fort Lauderdale, Weston, and beyond to ensure safety and productivity.",189,Needs Optimization
/south-florida/government-facility-cleaning,src\pages\south-florida\government-facility-cleaning\+Page.tsx,Yes,"Secure and compliant government facility cleaning in South Florida. Red Rock Cleans provides discreet, professional cleaning for municipal and federal buildings in Fort Lauderdale and Weston by security-cleared staff.",217,Needs Optimization
/south-florida/gym-cleaning,src\pages\south-florida\gym-cleaning\+Page.tsx,Yes,"Professional gym cleaning in South Florida. Red Rock Cleans provides hygienic fitness center and health club sanitation, including equipment disinfection and locker room cleaning in Fort Lauderdale and Weston.",209,Needs Optimization
/south-florida/industrial-cleaning,src\pages\south-florida\industrial-cleaning\+Page.tsx,Yes,"Heavy-duty industrial cleaning services in South Florida. Red Rock Cleans provides OSHA compliant cleaning for manufacturing plants and industrial facilities in Fort Lauderdale and beyond.",188,Needs Optimization
/south-florida/medical-office-cleaning,src\pages\south-florida\medical-office-cleaning\+Page.tsx,Yes,"Specialized medical office cleaning in South Florida. Red Rock Cleans provides HIPAA and OSHA compliant cleaning for clinics and healthcare facilities in Fort Lauderdale, Weston, and beyond.",190,Needs Optimization
/south-florida/move-out-cleaning-services,src\pages\south-florida\move-out-cleaning-services\+Page.tsx,Yes,"Secure your deposit with our reliable move out cleaning service in South Florida. Red Rock Cleans provides thorough end-of-tenancy cleaning for renters and sellers in Fort Lauderdale, Weston, and beyond. Book today!",215,Needs Optimization
/south-florida/post-construction-cleaning-services,src\pages\south-florida\post-construction-cleaning-services\+Page.tsx,Yes,"Professional post construction cleaning service in South Florida. Red Rock Cleans handles construction cleanup for new builds and renovations in Fort Lauderdale, Weston, and beyond. Get a quote!",194,Needs Optimization
/south-florida/restaurant-cleaning,src\pages\south-florida\restaurant-cleaning\+Page.tsx,Yes,"Professional restaurant cleaning in South Florida. Red Rock Cleans helps you pass health inspections and earn 5-star reviews with comprehensive kitchen and dining room cleaning.",177,Needs Optimization
/south-florida/retail-cleaning,src\pages\south-florida\retail-cleaning\+Page.tsx,Yes,"Professional retail store cleaning in South Florida. Red Rock Cleans helps enhance your brand image with spotless storefronts and sales floors in Fort Lauderdale, Weston, and beyond.",182,Needs Optimization
/south-florida/salon-spa-cleaning,src\pages\south-florida\salon-spa-cleaning\+Page.tsx,Yes,"Professional salon and spa cleaning in South Florida. Red Rock Cleans ensures a pristine, hygienic, and relaxing environment for hair salons, day spas, and medispas in Fort Lauderdale and Weston.",195,Needs Optimization
/south-florida/school-cleaning,src\pages\south-florida\school-cleaning\+Page.tsx,Yes,"Professional school cleaning services in South Florida. Red Rock Cleans provides a safe and healthy learning environment for students in Fort Lauderdale, Weston, and across Broward County.",188,Needs Optimization
/south-florida/showroom-cleaning,src\pages\south-florida\showroom-cleaning\+Page.tsx,Yes,"Professional showroom cleaning in South Florida. Red Rock Cleans enhances your product presentation with meticulous cleaning for car dealerships and luxury retail in Fort Lauderdale and Weston.",193,Needs Optimization
/south-florida/standard-cleaning-services,src\pages\south-florida\standard-cleaning-services\+Page.tsx,Yes,"Keep your home consistently beautiful with our reliable standard cleaning service in South Florida. We offer flexible maid services in Fort Lauderdale, Weston, and beyond. Get your free quote!",192,Needs Optimization
/south-florida/warehouse-cleaning,src\pages\south-florida\warehouse-cleaning\+Page.tsx,Yes,"Professional warehouse cleaning in South Florida. Red Rock Cleans improves safety and efficiency with comprehensive floor scrubbing, high-bay dusting, and more for logistics centers in Fort Lauderdale.",201,Needs Optimization
/standard-cleaning,src\pages\StandardCleaning.tsx,Yes,"Servicios de limpieza est√°ndar regular para mantener un hogar u oficina impecable. Limpiadores profesionales para un mantenimiento constante y confiable.",153,OK
/standard-cleaning-services,src\pages\standard-cleaning-services\+Page.tsx,Yes,"Professional standard cleaning services for your home. Regular maintenance cleaning to keep your space spotless.",112,Needs Optimization
/standard-vs-deep,src\pages\StandardVsDeep.tsx,Yes,"Understand the differences between standard and deep cleaning services to choose the right option for your home or business.",124,OK
/sub-contractor-agreement,src\pages\SubContractorAgreement.tsx,Yes,"Complete your sub-contractor agreement with Red Rock Cleans. Review terms and sign the agreement to join our team.",114,Needs Optimization
/terms-and-conditions,src\pages\TermsAndConditions.tsx,Yes,"Review the terms and conditions for using the services provided by Red Rock Cleans. Please read these terms carefully before using our website or booking our services.",167,Needs Optimization
/warehouse-cleaning,src\pages\warehouse-cleaning\+Page.tsx,Yes,"Professional warehouse cleaning services. Red Rock Cleans improves safety and efficiency with comprehensive floor scrubbing, high-bay dusting, and more for logistics centers.",174,Needs Optimization