Old URL,New URL
https://www.redrockcleans.com/deep-cleaning-services/deep-cleaning-in-silverado-ranch-nevada/,https://www.redrockcleans.com//las-vegas/deep-cleaning-services/
https://www.redrockcleans.com/about/faq/,https://www.redrockcleans.com/about/faq/
https://www.redrockcleans.com/airbnb-cleaning-services/airbnb-cleaning-in-aiea-hawaii/,https://www.redrockcleans.com/oahu/airbnb-cleaning-services/
https://www.redrockcleans.com/airbnb-cleaning-services/airbnb-cleaning-in-anthem-nevada/,https://www.redrockcleans.com/las-vegas/airbnb-cleaning-services/
https://www.redrockcleans.com/airbnb-cleaning-services/airbnb-cleaning-in-aventura-florida/,https://www.redrockcleans.com/south-florida/airbnb-cleaning-services/
https://www.redrockcleans.com/airbnb-cleaning-services/airbnb-cleaning-in-cooper-city-florida/,https://www.redrockcleans.com/south-florida/airbnb-cleaning-services/
https://www.redrockcleans.com/airbnb-cleaning-services/airbnb-cleaning-in-dania-beach-florida/,https://www.redrockcleans.com/south-florida/airbnb-cleaning-services/
https://www.redrockcleans.com/airbnb-cleaning-services/airbnb-cleaning-in-davie-florida/,https://www.redrockcleans.com/south-florida/airbnb-cleaning-services/
https://www.redrockcleans.com/airbnb-cleaning-services/airbnb-cleaning-in-enterprise-nevada/,https://www.redrockcleans.com/las-vegas/airbnb-cleaning-services/
https://www.redrockcleans.com/airbnb-cleaning-services/airbnb-cleaning-in-ewa-beach-hawaii/,https://www.redrockcleans.com/oahu/airbnb-cleaning-services/
https://www.redrockcleans.com/airbnb-cleaning-services/airbnb-cleaning-in-fort-lauderdale-florida/,https://www.redrockcleans.com/south-florida/airbnb-cleaning-services/
https://www.redrockcleans.com/airbnb-cleaning-services/airbnb-cleaning-in-green-valley-north-nevada/,https://www.redrockcleans.com/las-vegas/airbnb-cleaning-services/
https://www.redrockcleans.com/airbnb-cleaning-services/airbnb-cleaning-in-hallandale-beach-florida/,https://www.redrockcleans.com/south-florida/airbnb-cleaning-services/
https://www.redrockcleans.com/airbnb-cleaning-services/airbnb-cleaning-in-hawaii-kai-hawaii/,https://www.redrockcleans.com/oahu/airbnb-cleaning-services/
https://www.redrockcleans.com/airbnb-cleaning-services/airbnb-cleaning-in-henderson-nevada/,https://www.redrockcleans.com/las-vegas/airbnb-cleaning-services/
https://www.redrockcleans.com/airbnb-cleaning-services/airbnb-cleaning-in-hollywood-florida/,https://www.redrockcleans.com/south-florida/airbnb-cleaning-services/
https://www.redrockcleans.com/airbnb-cleaning-services/airbnb-cleaning-in-honolulu-hawaii/,https://www.redrockcleans.com/oahu/airbnb-cleaning-services/
https://www.redrockcleans.com/airbnb-cleaning-services/airbnb-cleaning-in-kailua-hawaii/,https://www.redrockcleans.com/oahu/airbnb-cleaning-services/
https://www.redrockcleans.com/airbnb-cleaning-services/airbnb-cleaning-in-kapolei-hawaii/,https://www.redrockcleans.com/oahu/airbnb-cleaning-services/
https://www.redrockcleans.com/airbnb-cleaning-services/airbnb-cleaning-in-lake-las-vegas-nevada/,https://www.redrockcleans.com/las-vegas/airbnb-cleaning-services/
https://www.redrockcleans.com/airbnb-cleaning-services/airbnb-cleaning-in-las-olas-florida/,https://www.redrockcleans.com/south-florida/airbnb-cleaning-services/
https://www.redrockcleans.com/airbnb-cleaning-services/airbnb-cleaning-in-las-vegas-nevada/,https://www.redrockcleans.com/las-vegas/airbnb-cleaning-services/
https://www.redrockcleans.com/airbnb-cleaning-services/airbnb-cleaning-in-lauderdale-lakes-florida/,https://www.redrockcleans.com/south-florida/airbnb-cleaning-services/
https://www.redrockcleans.com/airbnb-cleaning-services/airbnb-cleaning-in-lauderhill-florida/,https://www.redrockcleans.com/south-florida/airbnb-cleaning-services/
https://www.redrockcleans.com/airbnb-cleaning-services/airbnb-cleaning-in-macdonald-ranch-nevada/,https://www.redrockcleans.com/las-vegas/airbnb-cleaning-services/
https://www.redrockcleans.com/airbnb-cleaning-services/airbnb-cleaning-in-makakilo-hawaii/,https://www.redrockcleans.com/oahu/airbnb-cleaning-services/
https://www.redrockcleans.com/airbnb-cleaning-services/airbnb-cleaning-in-margate-florida/,https://www.redrockcleans.com/south-florida/airbnb-cleaning-services/
https://www.redrockcleans.com/airbnb-cleaning-services/airbnb-cleaning-in-mililani-hawaii/,https://www.redrockcleans.com/oahu/airbnb-cleaning-services/
https://www.redrockcleans.com/airbnb-cleaning-services/airbnb-cleaning-in-miramar-florida/,https://www.redrockcleans.com/south-florida/airbnb-cleaning-services/
https://www.redrockcleans.com/airbnb-cleaning-services/airbnb-cleaning-in-mountains-edge-nevada/,https://www.redrockcleans.com/las-vegas/airbnb-cleaning-services/
https://www.redrockcleans.com/airbnb-cleaning-services/airbnb-cleaning-in-north-las-vegas-nevada/,https://www.redrockcleans.com/las-vegas/airbnb-cleaning-services/
https://www.redrockcleans.com/airbnb-cleaning-services/airbnb-cleaning-in-north-lauderdale-florida/,https://www.redrockcleans.com/south-florida/airbnb-cleaning-services/
https://www.redrockcleans.com/airbnb-cleaning-services/airbnb-cleaning-in-paradise-nevada/,https://www.redrockcleans.com/las-vegas/airbnb-cleaning-services/
https://www.redrockcleans.com/airbnb-cleaning-services/airbnb-cleaning-in-pearl-city-hawaii/,https://www.redrockcleans.com/oahu/airbnb-cleaning-services/
https://www.redrockcleans.com/airbnb-cleaning-services/airbnb-cleaning-in-pembroke-pines-florida/,https://www.redrockcleans.com/south-florida/airbnb-cleaning-services/
https://www.redrockcleans.com/airbnb-cleaning-services/airbnb-cleaning-in-plantation-florida/,https://www.redrockcleans.com/south-florida/airbnb-cleaning-services/
https://www.redrockcleans.com/airbnb-cleaning-services/airbnb-cleaning-in-seven-hills-nevada/,https://www.redrockcleans.com/las-vegas/airbnb-cleaning-services/
https://www.redrockcleans.com/airbnb-cleaning-services/airbnb-cleaning-in-silverado-ranch-nevada/,https://www.redrockcleans.com/las-vegas/airbnb-cleaning-services/
https://www.redrockcleans.com/airbnb-cleaning-services/airbnb-cleaning-in-southwest-ranches-florida/,https://www.redrockcleans.com/south-florida/airbnb-cleaning-services/
https://www.redrockcleans.com/airbnb-cleaning-services/airbnb-cleaning-in-spring-valley-nevada/,https://www.redrockcleans.com/las-vegas/airbnb-cleaning-services/
https://www.redrockcleans.com/airbnb-cleaning-services/airbnb-cleaning-in-summerlin-south-nevada/,https://www.redrockcleans.com/las-vegas/airbnb-cleaning-services/
https://www.redrockcleans.com/airbnb-cleaning-services/airbnb-cleaning-in-sunny-isles-beach-florida/,https://www.redrockcleans.com/south-florida/airbnb-cleaning-services/
https://www.redrockcleans.com/airbnb-cleaning-services/airbnb-cleaning-in-sunrise-florida/,https://www.redrockcleans.com/south-florida/airbnb-cleaning-services/
https://www.redrockcleans.com/airbnb-cleaning-services/airbnb-cleaning-in-sunrise-manor-nevada/,https://www.redrockcleans.com/las-vegas/airbnb-cleaning-services/
https://www.redrockcleans.com/airbnb-cleaning-services/airbnb-cleaning-in-tamarac-florida/,https://www.redrockcleans.com/south-florida/airbnb-cleaning-services/
https://www.redrockcleans.com/airbnb-cleaning-services/airbnb-cleaning-in-waialae-hawaii/,https://www.redrockcleans.com/oahu/airbnb-cleaning-services/
https://www.redrockcleans.com/airbnb-cleaning-services/airbnb-cleaning-in-waikiki-hawaii/,https://www.redrockcleans.com/oahu/airbnb-cleaning-services/
https://www.redrockcleans.com/airbnb-cleaning-services/airbnb-cleaning-in-waimanalo-hawaii/,https://www.redrockcleans.com/oahu/airbnb-cleaning-services/
https://www.redrockcleans.com/airbnb-cleaning-services/airbnb-cleaning-in-waipahu-hawaii/,https://www.redrockcleans.com/oahu/airbnb-cleaning-services/
https://www.redrockcleans.com/airbnb-cleaning-services/airbnb-cleaning-in-weston-florida/,https://www.redrockcleans.com/south-florida/airbnb-cleaning-services/
https://www.redrockcleans.com/airbnb-cleaning-services/airbnb-cleaning-in-whitney-nevada/,https://www.redrockcleans.com/las-vegas/airbnb-cleaning-services/
https://www.redrockcleans.com/airbnb-cleaning-services/airbnb-cleaning-in-winchester-nevada/,https://www.redrockcleans.com/las-vegas/airbnb-cleaning-services/
https://www.redrockcleans.com/airbnb-cleaning-services/airbnb-cleaning-services-in-oahu/,https://www.redrockcleans.com/oahu/airbnb-cleaning-services/
https://www.redrockcleans.com/airbnb-cleaning-services/airbnb-cleaning-services-in-south-florida/,https://www.redrockcleans.com/south-florida/airbnb-cleaning-services/
https://www.redrockcleans.com/church-cleaning-honolulu/,https://www.redrockcleans.com/oahu/church-cleaning/
https://www.redrockcleans.com/church-cleaning-las-vegas/,https://www.redrockcleans.com/las-vegas/church-cleaning/
https://www.redrockcleans.com/church-cleaning-los-angeles/,https://www.redrockcleans.com/church-cleaning/
https://www.redrockcleans.com/church-cleaning-south-florida/,https://www.redrockcleans.com/south-florida/church-cleaning/
https://www.redrockcleans.com/commercial-cleaning-home/,https://www.redrockcleans.com/commercial-cleaning/
https://www.redrockcleans.com/contact-us/,https://www.redrockcleans.com/contact/
https://www.redrockcleans.com/customer-login-location/,https://www.redrockcleans.com/
https://www.redrockcleans.com/data-center-cleaning-honolulu/,https://www.redrockcleans.com/oahu/data-center-cleaning/
https://www.redrockcleans.com/data-center-cleaning-las-vegas/,https://www.redrockcleans.com/las-vegas/data-center-cleaning/
https://www.redrockcleans.com/data-center-cleaning-los-angeles/,https://www.redrockcleans.com/data-center-cleaning/
https://www.redrockcleans.com/data-center-cleaning-south-florida/,https://www.redrockcleans.com/south-florida/data-center-cleaning/
https://www.redrockcleans.com/deep-cleaning-services/deep-cleaning-in-aiea-hawaii/,https://www.redrockcleans.com/oahu/deep-cleaning-services/
https://www.redrockcleans.com/deep-cleaning-services/deep-cleaning-in-anthem-nevada/,https://www.redrockcleans.com/las-vegas/deep-cleaning-services/
https://www.redrockcleans.com/deep-cleaning-services/deep-cleaning-in-aventura-florida/,https://www.redrockcleans.com/south-florida/deep-cleaning/
https://www.redrockcleans.com/deep-cleaning-services/deep-cleaning-in-cooper-city-florida/,https://www.redrockcleans.com/south-florida/deep-cleaning/
https://www.redrockcleans.com/deep-cleaning-services/deep-cleaning-in-dania-beach-florida/,https://www.redrockcleans.com/south-florida/deep-cleaning/
https://www.redrockcleans.com/deep-cleaning-services/deep-cleaning-in-davie-florida/,https://www.redrockcleans.com/south-florida/deep-cleaning/
https://www.redrockcleans.com/deep-cleaning-services/deep-cleaning-in-enterprise-nevada/,https://www.redrockcleans.com/las-vegas/deep-cleaning-services/
https://www.redrockcleans.com/deep-cleaning-services/deep-cleaning-in-ewa-beach-hawaii/,https://www.redrockcleans.com/oahu/deep-cleaning-services/
https://www.redrockcleans.com/deep-cleaning-services/deep-cleaning-in-fort-lauderdale-florida/,https://www.redrockcleans.com/south-florida/deep-cleaning/
https://www.redrockcleans.com/deep-cleaning-services/deep-cleaning-in-green-valley-north-nevada/,https://www.redrockcleans.com/las-vegas/deep-cleaning-services/
https://www.redrockcleans.com/deep-cleaning-services/deep-cleaning-in-hallandale-beach-florida/,https://www.redrockcleans.com/south-florida/deep-cleaning/
https://www.redrockcleans.com/deep-cleaning-services/deep-cleaning-in-hawaii-kai-hawaii/,https://www.redrockcleans.com/oahu/deep-cleaning-services/
https://www.redrockcleans.com/deep-cleaning-services/deep-cleaning-in-henderson-nevada/,https://www.redrockcleans.com/las-vegas/deep-cleaning-services/
https://www.redrockcleans.com/deep-cleaning-services/deep-cleaning-in-hollywood-florida/,https://www.redrockcleans.com/south-florida/deep-cleaning/
https://www.redrockcleans.com/deep-cleaning-services/deep-cleaning-in-honolulu-hawaii/,https://www.redrockcleans.com/oahu/deep-cleaning-services/
https://www.redrockcleans.com/deep-cleaning-services/deep-cleaning-in-kailua-hawaii/,https://www.redrockcleans.com/oahu/deep-cleaning-services/
https://www.redrockcleans.com/deep-cleaning-services/deep-cleaning-in-kapolei-hawaii/,https://www.redrockcleans.com/oahu/deep-cleaning-services/
https://www.redrockcleans.com/deep-cleaning-services/deep-cleaning-in-lake-las-vegas-nevada/,https://www.redrockcleans.com/las-vegas/deep-cleaning-services/
https://www.redrockcleans.com/deep-cleaning-services/deep-cleaning-in-las-olas-florida/,https://www.redrockcleans.com/south-florida/deep-cleaning/
https://www.redrockcleans.com/deep-cleaning-services/deep-cleaning-in-lauderdale-lakes-florida/,https://www.redrockcleans.com/south-florida/deep-cleaning/
https://www.redrockcleans.com/deep-cleaning-services/deep-cleaning-in-lauderhill-florida/,https://www.redrockcleans.com/south-florida/deep-cleaning/
https://www.redrockcleans.com/deep-cleaning-services/deep-cleaning-in-macdonald-ranch-nevada/,https://www.redrockcleans.com/las-vegas/deep-cleaning-services/
https://www.redrockcleans.com/deep-cleaning-services/deep-cleaning-in-makakilo-hawaii/,https://www.redrockcleans.com/oahu/deep-cleaning-services/
https://www.redrockcleans.com/deep-cleaning-services/deep-cleaning-in-margate-florida/,https://www.redrockcleans.com/south-florida/deep-cleaning/
https://www.redrockcleans.com/deep-cleaning-services/deep-cleaning-in-mililani-hawaii/,https://www.redrockcleans.com/oahu/deep-cleaning-services/
https://www.redrockcleans.com/deep-cleaning-services/deep-cleaning-in-miramar-florida/,https://www.redrockcleans.com/south-florida/deep-cleaning/
https://www.redrockcleans.com/deep-cleaning-services/deep-cleaning-in-mountains-edge-nevada/,https://www.redrockcleans.com/las-vegas/deep-cleaning-services/
https://www.redrockcleans.com/deep-cleaning-services/deep-cleaning-in-north-las-vegas-nevada/,https://www.redrockcleans.com/las-vegas/deep-cleaning-services/
https://www.redrockcleans.com/deep-cleaning-services/deep-cleaning-in-north-lauderdale-florida/,https://www.redrockcleans.com/south-florida/deep-cleaning/
https://www.redrockcleans.com/deep-cleaning-services/deep-cleaning-in-paradise-nevada/,https://www.redrockcleans.com/las-vegas/deep-cleaning-services/
https://www.redrockcleans.com/deep-cleaning-services/deep-cleaning-in-pearl-city-hawaii/,https://www.redrockcleans.com/oahu/deep-cleaning-services/
https://www.redrockcleans.com/deep-cleaning-services/deep-cleaning-in-pembroke-pines-florida/,https://www.redrockcleans.com/south-florida/deep-cleaning/
https://www.redrockcleans.com/deep-cleaning-services/deep-cleaning-in-plantation-florida/,https://www.redrockcleans.com/south-florida/deep-cleaning/
https://www.redrockcleans.com/deep-cleaning-services/deep-cleaning-in-seven-hills-nevada/,https://www.redrockcleans.com/las-vegas/deep-cleaning-services/
https://www.redrockcleans.com/deep-cleaning-services/deep-cleaning-in-southwest-ranches-florida/,https://www.redrockcleans.com/south-florida/deep-cleaning/
https://www.redrockcleans.com/deep-cleaning-services/deep-cleaning-in-spring-valley-nevada/,https://www.redrockcleans.com/las-vegas/deep-cleaning-services/
https://www.redrockcleans.com/deep-cleaning-services/deep-cleaning-in-summerlin-south-nevada/,https://www.redrockcleans.com/las-vegas/deep-cleaning-services/
https://www.redrockcleans.com/deep-cleaning-services/deep-cleaning-in-sunny-isles-beach-florida/,https://www.redrockcleans.com/south-florida/deep-cleaning-services/
https://www.redrockcleans.com/deep-cleaning-services/deep-cleaning-in-sunrise-florida/,https://www.redrockcleans.com/south-florida/deep-cleaning/
https://www.redrockcleans.com/deep-cleaning-services/deep-cleaning-in-sunrise-manor-nevada/,https://www.redrockcleans.com/las-vegas/deep-cleaning-services/
https://www.redrockcleans.com/deep-cleaning-services/deep-cleaning-in-tamarac-florida/,https://www.redrockcleans.com/south-florida/deep-cleaning/
https://www.redrockcleans.com/deep-cleaning-services/deep-cleaning-in-waialae-hawaii/,https://www.redrockcleans.com/oahu/deep-cleaning-services/
https://www.redrockcleans.com/deep-cleaning-services/deep-cleaning-in-waikiki-hawaii/,https://www.redrockcleans.com/oahu/deep-cleaning-services/
https://www.redrockcleans.com/deep-cleaning-services/deep-cleaning-in-waimanalo-hawaii/,https://www.redrockcleans.com/oahu/deep-cleaning-services/
https://www.redrockcleans.com/deep-cleaning-services/deep-cleaning-in-waipahu-hawaii/,https://www.redrockcleans.com/oahu/deep-cleaning-services/
https://www.redrockcleans.com/deep-cleaning-services/deep-cleaning-in-weston-florida/,https://www.redrockcleans.com/south-florida/deep-cleaning/
https://www.redrockcleans.com/deep-cleaning-services/deep-cleaning-in-whitney-nevada/,https://www.redrockcleans.com/las-vegas/deep-cleaning-services/
https://www.redrockcleans.com/deep-cleaning-services/deep-cleaning-in-winchester-nevada/,https://www.redrockcleans.com/las-vegas/deep-cleaning-services/
https://www.redrockcleans.com/deep-cleaning-services/deep-cleaning-services-in-las-vegas/,https://www.redrockcleans.com/las-vegas/deep-cleaning-services/
https://www.redrockcleans.com/deep-cleaning-services/deep-cleaning-services-in-oahu/,https://www.redrockcleans.com/oahu/deep-cleaning-services/
https://www.redrockcleans.com/deep-cleaning-services/deep-cleaning-services-in-south-florida/,https://www.redrockcleans.com/south-florida/deep-cleaning/
https://www.redrockcleans.com/factory-cleaning-honolulu/,https://www.redrockcleans.com/oahu/factory-cleaning/
https://www.redrockcleans.com/factory-cleaning-las-vegas/,https://www.redrockcleans.com/las-vegas/factory-cleaning/
https://www.redrockcleans.com/factory-cleaning-los-angeles/,https://www.redrockcleans.com/factory-cleaning/
https://www.redrockcleans.com/factory-cleaning-south-florida/,https://www.redrockcleans.com/south-florida/factory-cleaning/
https://www.redrockcleans.com/get-quote/,https://www.redrockcleans.com/commercial-quote/
https://www.redrockcleans.com/government-facility-cleaning-honolulu/,https://www.redrockcleans.com/oahu/government-facility-cleaning/
https://www.redrockcleans.com/government-facility-cleaning-las-vegas/,https://www.redrockcleans.com/las-vegas/government-facility-cleaning/
https://www.redrockcleans.com/government-facility-cleaning-los-angeles/,https://www.redrockcleans.com/government-facility-cleaning/
https://www.redrockcleans.com/government-facility-cleaning-south-florida/,https://www.redrockcleans.com/south-florida/government-facility-cleaning/
https://www.redrockcleans.com/gym-cleaning-service-honolulu/,https://www.redrockcleans.com/oahu/gym-cleaning/
https://www.redrockcleans.com/gym-cleaning-service-las-vegas/,https://www.redrockcleans.com/las-vegas/gym-cleaning/
https://www.redrockcleans.com/gym-cleaning-service-los-angeles/,https://www.redrockcleans.com/gym-cleaning/
https://www.redrockcleans.com/gym-cleaning-service-south-florida/,https://www.redrockcleans.com/south-florida/gym-cleaning/
https://www.redrockcleans.com/gym-cleaning-service/,https://www.redrockcleans.com/gym-cleaning/
https://www.redrockcleans.com/home-las-vegas/,https://www.redrockcleans.com/las-vegas/
https://www.redrockcleans.com/home-losangeles/,https://www.redrockcleans.com/
https://www.redrockcleans.com/home-oahu/,https://www.redrockcleans.com/oahu/ 
https://www.redrockcleans.com/home-south-florida/,https://www.redrockcleans.com/south-florida/
https://www.redrockcleans.com/industrial-cleaning-services-honolulu/,https://www.redrockcleans.com/oahu/industrial-cleaning/
https://www.redrockcleans.com/industrial-cleaning-services-las-vegas/,https://www.redrockcleans.com/las-vegas/industrial-cleaning/
https://www.redrockcleans.com/industrial-cleaning-services-los-angeles/,https://www.redrockcleans.com/industrial-cleaning-services/
https://www.redrockcleans.com/industrial-cleaning-services-south-florida/,https://www.redrockcleans.com/south-florida/industrial-cleaning/
https://www.redrockcleans.com/industrial-cleaning-services/,https://www.redrockcleans.com/industrial-cleaning/
https://www.redrockcleans.com/las-vegas/,https://www.redrockcleans.com/book-now-las-vegas/
https://www.redrockcleans.com/post-construction-cleaning-services/post-construction-cleaning-in-sunrise-manor-nevada/,https://www.redrockcleans.com/las-vegas/post-construction-cleaning-services/
https://www.redrockcleans.com/location/,https://www.redrockcleans.com/
https://www.redrockcleans.com/location/aiea-oahu/,https://www.redrockcleans.com/oahu/#aiea/
https://www.redrockcleans.com/location/anthem-las-vegas/,https://www.redrockcleans.com/las-vegas/#anthem/
https://www.redrockcleans.com/location/aventura-south-florida/,https://www.redrockcleans.com/south-florida/#aventura/
https://www.redrockcleans.com/location/cooper-city-south-florida/,https://www.redrockcleans.com/south-florida/#cooper-city/
https://www.redrockcleans.com/location/dania-beach-south-florida/,https://www.redrockcleans.com/south-florida/#dania-beach/
https://www.redrockcleans.com/location/davie-south-florida/,https://www.redrockcleans.com/south-florida/#davie/
https://www.redrockcleans.com/location/enterprise-las-vegas/,https://www.redrockcleans.com/las-vegas/#enterprise/
https://www.redrockcleans.com/location/ewa-beach-oahu/,https://www.redrockcleans.com/oahu/#ewa-beach/
https://www.redrockcleans.com/location/fort-lauderdale-south-florida/,https://www.redrockcleans.com/south-florida/#fort-lauderdale/
https://www.redrockcleans.com/location/green-valley-north-las-vegas/,https://www.redrockcleans.com/las-vegas/#green-valley-north/
https://www.redrockcleans.com/location/hallandale-beach-south-florida/,https://www.redrockcleans.com/south-florida/#hallandale-beach/
https://www.redrockcleans.com/location/hawaii-kai-oahu/,https://www.redrockcleans.com/oahu/#hawaii-kai/
https://www.redrockcleans.com/location/henderson-las-vegas/,https://www.redrockcleans.com/las-vegas/#henderson/
https://www.redrockcleans.com/location/hollywood-south-florida/,https://www.redrockcleans.com/south-florida/#hollywood/
https://www.redrockcleans.com/location/honolulu-oahu/,https://www.redrockcleans.com/oahu/#honolulu/
https://www.redrockcleans.com/location/kailua-oahu/,https://www.redrockcleans.com/oahu/#kailua/
https://www.redrockcleans.com/location/kapolei-oahu/,https://www.redrockcleans.com/oahu/#kapolei/
https://www.redrockcleans.com/location/lake-las-vegas-las-vegas/,https://www.redrockcleans.com/las-vegas/#lake-las-vegas/
https://www.redrockcleans.com/location/las-olas-south-florida/,https://www.redrockcleans.com/south-florida/#las-olas/
https://www.redrockcleans.com/location/las-vegas-las-vegas/,https://www.redrockcleans.com/las-vegas/#las-vegas/
https://www.redrockcleans.com/location/lauderdale-lakes-south-florida/,https://www.redrockcleans.com/south-florida/#lauderdale-lakes/
https://www.redrockcleans.com/location/lauderhill-south-florida/,https://www.redrockcleans.com/south-florida/#lauderhill
https://www.redrockcleans.com/location/macdonald-ranch-las-vegas/,https://www.redrockcleans.com/las-vegas/#macdonald-ranch
https://www.redrockcleans.com/location/makakilo-oahu/,https://www.redrockcleans.com/oahu/#makakilo
https://www.redrockcleans.com/location/margate-south-florida/,https://www.redrockcleans.com/south-florida/#margate
https://www.redrockcleans.com/location/mililani-oahu/,https://www.redrockcleans.com/oahu/#mililani
https://www.redrockcleans.com/location/miramar-south-florida/,https://www.redrockcleans.com/south-florida/#miramar
https://www.redrockcleans.com/location/mountains-edge-las-vegas/,https://www.redrockcleans.com/las-vegas/#mountains-edge
https://www.redrockcleans.com/location/north-las-vegas-las-vegas/,https://www.redrockcleans.com/las-vegas/#north-las-vegas
https://www.redrockcleans.com/location/paradise-las-vegas/,https://www.redrockcleans.com/las-vegas/#paradise
https://www.redrockcleans.com/location/pearl-city-oahu/,https://www.redrockcleans.com/oahu/#pearl-city
https://www.redrockcleans.com/location/pembroke-pines-south-florida/,https://www.redrockcleans.com/south-florida/#pembroke-pines
https://www.redrockcleans.com/location/plantation-south-florida/,https://www.redrockcleans.com/south-florida/#plantation
https://www.redrockcleans.com/location/seven-hills-las-vegas/,https://www.redrockcleans.com/las-vegas/#seven-hills
https://www.redrockcleans.com/location/silverado-ranch-las-vegas/,https://www.redrockcleans.com/las-vegas/#silverado-ranch
https://www.redrockcleans.com/location/southwest-ranches-south-florida/,https://www.redrockcleans.com/south-florida/#southwest-ranches
https://www.redrockcleans.com/location/spring-valley-las-vegas/,https://www.redrockcleans.com/las-vegas/#spring-valley
https://www.redrockcleans.com/location/summerlin-south-las-vegas/,https://www.redrockcleans.com/las-vegas/#summerlin-south
https://www.redrockcleans.com/location/sunny-isles-beach-south-florida/,https://www.redrockcleans.com/south-florida/#sunny-isles-beach
https://www.redrockcleans.com/location/sunrise-manor-las-vegas/,https://www.redrockcleans.com/las-vegas/#sunrise-manor
https://www.redrockcleans.com/location/sunrise-south-florida/,https://www.redrockcleans.com/south-florida/#sunrise
https://www.redrockcleans.com/location/tamarac-south-florida/,https://www.redrockcleans.com/south-florida/#tamarac
https://www.redrockcleans.com/location/waialae-oahu/,https://www.redrockcleans.com/oahu/#waialae
https://www.redrockcleans.com/location/waikiki-oahu/,https://www.redrockcleans.com/oahu/#waikiki
https://www.redrockcleans.com/location/waimanalo-oahu/,https://www.redrockcleans.com/oahu/#waimanalo
https://www.redrockcleans.com/location/waipahu-oahu/,https://www.redrockcleans.com/oahu/#waipahu
https://www.redrockcleans.com/location/weston-south-florida/,https://www.redrockcleans.com/south-florida/#weston
https://www.redrockcleans.com/location/whitney-las-vegas/,https://www.redrockcleans.com/las-vegas/#whitney
https://www.redrockcleans.com/location/winchester-las-vegas/,https://www.redrockcleans.com/las-vegas/#winchester
https://www.redrockcleans.com/medical-office-cleaning-honolulu/,https://www.redrockcleans.com/oahu/medical-office-cleaning/
https://www.redrockcleans.com/medical-office-cleaning-las-vegas/,https://www.redrockcleans.com/las-vegas/medical-office-cleaning/
https://www.redrockcleans.com/medical-office-cleaning-los-angeles/,https://www.redrockcleans.com/medical-office-cleaning/
https://www.redrockcleans.com/medical-office-cleaning-south-florida/,https://www.redrockcleans.com/south-florida/medical-office-cleaning/
https://www.redrockcleans.com/move-out-cleaning-services/move-out-cleaning-in-aiea-hawaii/,https://www.redrockcleans.com/oahu/move-out-cleaning-services/
https://www.redrockcleans.com/move-out-cleaning-services/move-out-cleaning-in-anthem-nevada/,https://www.redrockcleans.com/las-vegas/move-out-cleaning-services/
https://www.redrockcleans.com/move-out-cleaning-services/move-out-cleaning-in-aventura-florida/,https://www.redrockcleans.com/south-florida/move-out-cleaning-services/
https://www.redrockcleans.com/move-out-cleaning-services/move-out-cleaning-in-cooper-city-florida/,https://www.redrockcleans.com/south-florida/move-out-cleaning-services/
https://www.redrockcleans.com/move-out-cleaning-services/move-out-cleaning-in-dania-beach-florida/,https://www.redrockcleans.com/south-florida/move-out-cleaning-services/
https://www.redrockcleans.com/move-out-cleaning-services/move-out-cleaning-in-davie-florida/,https://www.redrockcleans.com/south-florida/move-out-cleaning-services/
https://www.redrockcleans.com/move-out-cleaning-services/move-out-cleaning-in-enterprise-nevada/,https://www.redrockcleans.com/las-vegas/move-out-cleaning-services/
https://www.redrockcleans.com/move-out-cleaning-services/move-out-cleaning-in-ewa-beach-hawaii/,https://www.redrockcleans.com/oahu/move-out-cleaning-services/
https://www.redrockcleans.com/move-out-cleaning-services/move-out-cleaning-in-fort-lauderdale-florida/,https://www.redrockcleans.com/south-florida/move-out-cleaning-services/
https://www.redrockcleans.com/move-out-cleaning-services/move-out-cleaning-in-green-valley-north-nevada/,https://www.redrockcleans.com/las-vegas/move-out-cleaning-services/
https://www.redrockcleans.com/move-out-cleaning-services/move-out-cleaning-in-hallandale-beach-florida/,https://www.redrockcleans.com/south-florida/move-out-cleaning-services/
https://www.redrockcleans.com/move-out-cleaning-services/move-out-cleaning-in-hawaii-kai-hawaii/,https://www.redrockcleans.com/oahu/move-out-cleaning-services/
https://www.redrockcleans.com/move-out-cleaning-services/move-out-cleaning-in-henderson-nevada/,https://www.redrockcleans.com/las-vegas/move-out-cleaning-services/
https://www.redrockcleans.com/move-out-cleaning-services/move-out-cleaning-in-hollywood-florida/,https://www.redrockcleans.com/south-florida/move-out-cleaning-services/
https://www.redrockcleans.com/move-out-cleaning-services/move-out-cleaning-in-honolulu-hawaii/,https://www.redrockcleans.com/oahu/move-out-cleaning-services/
https://www.redrockcleans.com/move-out-cleaning-services/move-out-cleaning-in-kailua-hawaii/,https://www.redrockcleans.com/oahu/move-out-cleaning-services/
https://www.redrockcleans.com/move-out-cleaning-services/move-out-cleaning-in-kapolei-hawaii/,https://www.redrockcleans.com/oahu/move-out-cleaning-services/
https://www.redrockcleans.com/move-out-cleaning-services/move-out-cleaning-in-lake-las-vegas-nevada/,https://www.redrockcleans.com/las-vegas/move-out-cleaning-services/
https://www.redrockcleans.com/move-out-cleaning-services/move-out-cleaning-in-las-olas-florida/,https://www.redrockcleans.com/south-florida/move-out-cleaning-services/
https://www.redrockcleans.com/move-out-cleaning-services/move-out-cleaning-in-las-vegas-nevada/,https://www.redrockcleans.com/las-vegas/move-out-cleaning-services/
https://www.redrockcleans.com/move-out-cleaning-services/move-out-cleaning-in-lauderdale-lakes-florida/,https://www.redrockcleans.com/south-florida/move-out-cleaning
https://www.redrockcleans.com/move-out-cleaning-services/move-out-cleaning-in-lauderhill-florida/,https://www.redrockcleans.com/south-florida/move-out-cleaning-services/
https://www.redrockcleans.com/move-out-cleaning-services/move-out-cleaning-in-macdonald-ranch-nevada/,https://www.redrockcleans.com/las-vegas/move-out-cleaning-services/
https://www.redrockcleans.com/move-out-cleaning-services/move-out-cleaning-in-makakilo-hawaii/,https://www.redrockcleans.com/oahu/move-out-cleaning-services/
https://www.redrockcleans.com/move-out-cleaning-services/move-out-cleaning-in-margate-florida/,https://www.redrockcleans.com/south-florida/move-out-cleaning-services/
https://www.redrockcleans.com/move-out-cleaning-services/move-out-cleaning-in-mililani-hawaii/,https://www.redrockcleans.com/oahu/move-out-cleaning-services
https://www.redrockcleans.com/move-out-cleaning-services/move-out-cleaning-in-miramar-florida/,https://www.redrockcleans.com/south-florida/move-out-cleaning-services/
https://www.redrockcleans.com/move-out-cleaning-services/move-out-cleaning-in-mountains-edge-nevada/,https://www.redrockcleans.com/las-vegas/move-out-cleaning-services/
https://www.redrockcleans.com/move-out-cleaning-services/move-out-cleaning-in-north-las-vegas-nevada/,https://www.redrockcleans.com/las-vegas/move-out-cleaning-services/
https://www.redrockcleans.com/move-out-cleaning-services/move-out-cleaning-in-north-lauderdale-florida/,https://www.redrockcleans.com/south-florida/move-out-cleaning-services/
https://www.redrockcleans.com/move-out-cleaning-services/move-out-cleaning-in-paradise-nevada/,https://www.redrockcleans.com/las-vegas/move-out-cleaning-services/
https://www.redrockcleans.com/move-out-cleaning-services/move-out-cleaning-in-pearl-city-hawaii/,https://www.redrockcleans.com/oahu/move-out-cleaning-services/
https://www.redrockcleans.com/move-out-cleaning-services/move-out-cleaning-in-pembroke-pines-florida/,https://www.redrockcleans.com/south-florida/move-out-cleaning-services/
https://www.redrockcleans.com/move-out-cleaning-services/move-out-cleaning-in-plantation-florida/,https://www.redrockcleans.com/south-florida/move-out-cleaning-services/
https://www.redrockcleans.com/move-out-cleaning-services/move-out-cleaning-in-seven-hills-nevada/,https://www.redrockcleans.com/las-vegas/move-out-cleaning-services/
https://www.redrockcleans.com/move-out-cleaning-services/move-out-cleaning-in-silverado-ranch-nevada/,https://www.redrockcleans.com/las-vegas/move-out-cleaning-services/
https://www.redrockcleans.com/move-out-cleaning-services/move-out-cleaning-in-southwest-ranches-florida/,https://www.redrockcleans.com/south-florida/move-out-cleaning-services/
https://www.redrockcleans.com/move-out-cleaning-services/move-out-cleaning-in-spring-valley-nevada/,https://www.redrockcleans.com/las-vegas/move-out-cleaning-services/
https://www.redrockcleans.com/move-out-cleaning-services/move-out-cleaning-in-summerlin-south-nevada/,https://www.redrockcleans.com/las-vegas/move-out-cleaning-services/
https://www.redrockcleans.com/move-out-cleaning-services/move-out-cleaning-in-sunny-isles-beach-florida/,https://www.redrockcleans.com/south-florida/move-out-cleaning-services/
https://www.redrockcleans.com/move-out-cleaning-services/move-out-cleaning-in-sunrise-florida/,https://www.redrockcleans.com/south-florida/move-out-cleaning-services/
https://www.redrockcleans.com/move-out-cleaning-services/move-out-cleaning-in-sunrise-manor-nevada/,https://www.redrockcleans.com/las-vegas/move-out-cleaning-services/
https://www.redrockcleans.com/move-out-cleaning-services/move-out-cleaning-in-tamarac-florida/,https://www.redrockcleans.com/south-florida/move-out-cleaning-services/
https://www.redrockcleans.com/move-out-cleaning-services/move-out-cleaning-in-waialae-hawaii/,https://www.redrockcleans.com/oahu/move-out-cleaning-services/
https://www.redrockcleans.com/move-out-cleaning-services/move-out-cleaning-in-waikiki-hawaii/,https://www.redrockcleans.com/oahu/move-out-cleaning-services/
https://www.redrockcleans.com/move-out-cleaning-services/move-out-cleaning-in-waimanalo-hawaii/,https://www.redrockcleans.com/oahu/move-out-cleaning-services/
https://www.redrockcleans.com/move-out-cleaning-services/move-out-cleaning-in-waipahu-hawaii/,https://www.redrockcleans.com/oahu/move-out-cleaning-services/
https://www.redrockcleans.com/move-out-cleaning-services/move-out-cleaning-in-weston-florida/,https://www.redrockcleans.com/south-florida/move-out-cleaning-services/
https://www.redrockcleans.com/move-out-cleaning-services/move-out-cleaning-in-whitney-nevada/,https://www.redrockcleans.com/las-vegas/move-out-cleaning-services/
https://www.redrockcleans.com/move-out-cleaning-services/move-out-cleaning-in-winchester-nevada/,https://www.redrockcleans.com/las-vegas/move-out-cleaning-services/
https://www.redrockcleans.com/move-out-cleaning-services/move-out-cleaning-services-in-oahu/,https://www.redrockcleans.com/oahu/move-out-cleaning-services/
https://www.redrockcleans.com/move-out-cleaning-services/move-out-cleaning-services-in-south-florida/,https://www.redrockcleans.com/south-florida/move-out-cleaning-services/
https://www.redrockcleans.com/oahu/,https://www.redrockcleans.com/book-now-oahu
https://www.redrockcleans.com/post-construction-cleaning-services/post-construction-cleaning-in-aiea-hawaii/,https://www.redrockcleans.com/oahu/post-construction-cleaning-services/
https://www.redrockcleans.com/post-construction-cleaning-services/post-construction-cleaning-in-anthem-nevada/,https://www.redrockcleans.com/las-vegas/post-construction-cleaning-services/
https://www.redrockcleans.com/post-construction-cleaning-services/post-construction-cleaning-in-aventura-florida/,https://www.redrockcleans.com/south-florida/post-construction-cleaning-services/
https://www.redrockcleans.com/post-construction-cleaning-services/post-construction-cleaning-in-cooper-city-florida/,https://www.redrockcleans.com/south-florida/post-construction-cleaning-services/
https://www.redrockcleans.com/post-construction-cleaning-services/post-construction-cleaning-in-dania-beach-florida/,https://www.redrockcleans.com/south-florida/post-construction-cleaning-services/
https://www.redrockcleans.com/post-construction-cleaning-services/post-construction-cleaning-in-davie-florida/,https://www.redrockcleans.com/south-florida/post-construction-cleaning-services/
https://www.redrockcleans.com/post-construction-cleaning-services/post-construction-cleaning-in-enterprise-nevada/,https://www.redrockcleans.com/las-vegas/post-construction-cleaning-services/
https://www.redrockcleans.com/post-construction-cleaning-services/post-construction-cleaning-in-ewa-beach-hawaii/,https://www.redrockcleans.com/oahu/post-construction-cleaning-services/
https://www.redrockcleans.com/post-construction-cleaning-services/post-construction-cleaning-in-fort-lauderdale-florida/,https://www.redrockcleans.com/south-florida/post-construction-cleaning-services/
https://www.redrockcleans.com/post-construction-cleaning-services/post-construction-cleaning-in-green-valley-north-nevada/,https://www.redrockcleans.com/las-vegas/post-construction-cleaning-services/
https://www.redrockcleans.com/post-construction-cleaning-services/post-construction-cleaning-in-hallandale-beach-florida/,https://www.redrockcleans.com/south-florida/post-construction-cleaning-services/
https://www.redrockcleans.com/post-construction-cleaning-services/post-construction-cleaning-in-hawaii-kai-hawaii/,https://www.redrockcleans.com/oahu/post-construction-cleaning-services/
https://www.redrockcleans.com/post-construction-cleaning-services/post-construction-cleaning-in-henderson-nevada/,https://www.redrockcleans.com/las-vegas/post-construction-cleaning-services/
https://www.redrockcleans.com/post-construction-cleaning-services/post-construction-cleaning-in-hollywood-florida/,https://www.redrockcleans.com/south-florida/post-construction-cleaning-services/
https://www.redrockcleans.com/post-construction-cleaning-services/post-construction-cleaning-in-honolulu-hawaii/,https://www.redrockcleans.com/oahu/post-construction-cleaning-services/
https://www.redrockcleans.com/post-construction-cleaning-services/post-construction-cleaning-in-kailua-hawaii/,https://www.redrockcleans.com/oahu/post-construction-cleaning-services/
https://www.redrockcleans.com/post-construction-cleaning-services/post-construction-cleaning-in-kapolei-hawaii/,https://www.redrockcleans.com/oahu/post-construction-cleaning-services/
https://www.redrockcleans.com/post-construction-cleaning-services/post-construction-cleaning-in-lake-las-vegas-nevada/,https://www.redrockcleans.com/las-vegas/post-construction-cleaning-services/
https://www.redrockcleans.com/post-construction-cleaning-services/post-construction-cleaning-in-las-olas-florida/,https://www.redrockcleans.com/south-florida/post-construction-cleaning-services/
https://www.redrockcleans.com/post-construction-cleaning-services/post-construction-cleaning-in-las-vegas/,https://www.redrockcleans.com/las-vegas/post-construction-cleaning-services/
https://www.redrockcleans.com/post-construction-cleaning-services/post-construction-cleaning-in-lauderdale-lakes-florida/,https://www.redrockcleans.com/south-florida/post-construction-cleaning-services/
https://www.redrockcleans.com/post-construction-cleaning-services/post-construction-cleaning-in-lauderhill-florida/,https://www.redrockcleans.com/south-florida/post-construction-cleaning-services/
https://www.redrockcleans.com/post-construction-cleaning-services/post-construction-cleaning-in-macdonald-ranch-nevada/,https://www.redrockcleans.com/las-vegas/post-construction-cleaning-services/
https://www.redrockcleans.com/post-construction-cleaning-services/post-construction-cleaning-in-makakilo-hawaii/,https://www.redrockcleans.com/oahu/post-construction-cleaning-services/
https://www.redrockcleans.com/post-construction-cleaning-services/post-construction-cleaning-in-margate-florida/,https://www.redrockcleans.com/south-florida/post-construction-cleaning-services/
https://www.redrockcleans.com/post-construction-cleaning-services/post-construction-cleaning-in-mililani-hawaii/,https://www.redrockcleans.com/oahu/post-construction-cleaning-services/
https://www.redrockcleans.com/post-construction-cleaning-services/post-construction-cleaning-in-miramar-florida/,https://www.redrockcleans.com/south-florida/post-construction-cleaning-services/
https://www.redrockcleans.com/post-construction-cleaning-services/post-construction-cleaning-in-mountains-edge-nevada/,https://www.redrockcleans.com/las-vegas/post-construction-cleaning-services/
https://www.redrockcleans.com/post-construction-cleaning-services/post-construction-cleaning-in-north-las-vegas-nevada/,https://www.redrockcleans.com/las-vegas/post-construction-cleaning-services/
https://www.redrockcleans.com/post-construction-cleaning-services/post-construction-cleaning-in-north-lauderdale-florida/,https://www.redrockcleans.com/south-florida/post-construction-cleaning-services/
https://www.redrockcleans.com/post-construction-cleaning-services/post-construction-cleaning-in-paradise-nevada/,https://www.redrockcleans.com/las-vegas/post-construction-cleaning-services/
https://www.redrockcleans.com/post-construction-cleaning-services/post-construction-cleaning-in-pearl-city-hawaii/,https://www.redrockcleans.com/oahu/post-construction-cleaning-services/
https://www.redrockcleans.com/post-construction-cleaning-services/post-construction-cleaning-in-pembroke-pines-florida/,https://www.redrockcleans.com/south-florida/post-construction-cleaning-services/
https://www.redrockcleans.com/post-construction-cleaning-services/post-construction-cleaning-in-plantation-florida/,https://www.redrockcleans.com/south-florida/post-construction-cleaning-services/
https://www.redrockcleans.com/post-construction-cleaning-services/post-construction-cleaning-in-seven-hills-nevada/,https://www.redrockcleans.com/las-vegas/post-construction-cleaning-services/
https://www.redrockcleans.com/post-construction-cleaning-services/post-construction-cleaning-in-silverado-ranch-nevada/,https://www.redrockcleans.com/las-vegas/post-construction-cleaning-services/
https://www.redrockcleans.com/post-construction-cleaning-services/post-construction-cleaning-in-southwest-ranches-florida/,https://www.redrockcleans.com/south-florida/post-construction-cleaning-services/
https://www.redrockcleans.com/post-construction-cleaning-services/post-construction-cleaning-in-spring-valley-nevada/,https://www.redrockcleans.com/las-vegas/post-construction-cleaning-services/
https://www.redrockcleans.com/post-construction-cleaning-services/post-construction-cleaning-in-summerlin-south-nevada/,https://www.redrockcleans.com/las-vegas/post-construction-cleaning-services/
https://www.redrockcleans.com/post-construction-cleaning-services/post-construction-cleaning-in-sunny-isles-beach-florida/,https://www.redrockcleans.com/south-florida/post-construction-cleaning-services/
https://www.redrockcleans.com/post-construction-cleaning-services/post-construction-cleaning-in-sunrise-florida/,https://www.redrockcleans.com/south-florida/post-construction-cleaning-services/
https://www.redrockcleans.com/post-construction-cleaning-services/post-construction-cleaning-in-tamarac-florida/,https://www.redrockcleans.com/south-florida/post-construction-cleaning-services/
https://www.redrockcleans.com/post-construction-cleaning-services/post-construction-cleaning-in-waialae-hawaii/,https://www.redrockcleans.com/oahu/post-construction-cleaning-services/
https://www.redrockcleans.com/post-construction-cleaning-services/post-construction-cleaning-in-waikiki-hawaii/,https://www.redrockcleans.com/oahu/post-construction-cleaning-services/
https://www.redrockcleans.com/post-construction-cleaning-services/post-construction-cleaning-in-waimanalo-hawaii/,https://www.redrockcleans.com/oahu/post-construction-cleaning-services/
https://www.redrockcleans.com/post-construction-cleaning-services/post-construction-cleaning-in-waipahu-hawaii/,https://www.redrockcleans.com/oahu/post-construction-cleaning-services/
https://www.redrockcleans.com/post-construction-cleaning-services/post-construction-cleaning-in-weston-florida/,https://www.redrockcleans.com/south-florida/post-construction-cleaning-services/
https://www.redrockcleans.com/post-construction-cleaning-services/post-construction-cleaning-in-whitney-nevada/,https://www.redrockcleans.com/las-vegas/post-construction-cleaning-services/
https://www.redrockcleans.com/post-construction-cleaning-services/post-construction-cleaning-in-winchester-nevada/,https://www.redrockcleans.com/las-vegas/post-construction-cleaning-services/
https://www.redrockcleans.com/post-construction-cleaning-services/post-construction-cleaning-services-in-oahu/,https://www.redrockcleans.com/oahu/post-construction-cleaning-services/
https://www.redrockcleans.com/post-construction-cleaning-services/post-construction-cleaning-services-in-south-florida/,https://www.redrockcleans.com/south-florida/post-construction-cleaning-services/
https://www.redrockcleans.com/pricing/,https://www.redrockcleans.com/commercial-quote
https://www.redrockcleans.com/restaurant-cleaning-fort-lauderdale/,https://www.redrockcleans.com/south-florida/restaurant-cleaning/
https://www.redrockcleans.com/restaurant-cleaning-honolulu/,https://www.redrockcleans.com/oahu/restaurant-cleaning/
https://www.redrockcleans.com/restaurant-cleaning-las-vegas/,https://www.redrockcleans.com/las-vegas/restaurant-cleaning/
https://www.redrockcleans.com/restaurant-cleaning-los-angeles/,https://www.redrockcleans.com/restaurant-cleaning/
https://www.redrockcleans.com/retail-store-cleaning-services-honolulu/,https://www.redrockcleans.com/oahu/retail-cleaning/
https://www.redrockcleans.com/retail-store-cleaning-services-las-vegas/,https://www.redrockcleans.com/las-vegas/retail-cleaning/
https://www.redrockcleans.com/retail-store-cleaning-services-los-angeles/,https://www.redrockcleans.com/retail-store-cleaning-services/
https://www.redrockcleans.com/retail-store-cleaning-services-south-florida/,https://www.redrockcleans.com/south-florida/retail-cleaning/
https://www.redrockcleans.com/retail-store-cleaning-services/,https://www.redrockcleans.com/retail-cleaning
https://www.redrockcleans.com/school-cleaning-services-honolulu/,https://www.redrockcleans.com/oahu/school-cleaning/
https://www.redrockcleans.com/school-cleaning-services-las-vegas/,https://www.redrockcleans.com/las-vegas/school-cleaning/
https://www.redrockcleans.com/school-cleaning-services-los-angeles/,https://www.redrockcleans.com/school-cleaning
https://www.redrockcleans.com/school-cleaning-services-south-florida/,https://www.redrockcleans.com/south-florida/school-cleaning/
https://www.redrockcleans.com/school-cleaning-services/,https://www.redrockcleans.com/school-cleaning
https://www.redrockcleans.com/showroom-cleaning-services-honolulu/,https://www.redrockcleans.com/oahu/showroom-cleaning/
https://www.redrockcleans.com/showroom-cleaning-services-las-vegas/,https://www.redrockcleans.com/las-vegas/showroom-cleaning/
https://www.redrockcleans.com/showroom-cleaning-services-los-angeles/,https://www.redrockcleans.com/showroom-cleaning
https://www.redrockcleans.com/showroom-cleaning-services-south-florida/,https://www.redrockcleans.com/south-florida/showroom-cleaning/
https://www.redrockcleans.com/showroom-cleaning-services,https://www.redrockcleans.com/showroom-cleaning
https://www.redrockcleans.com/south-florida/,https://www.redrockcleans.com/book-now-south-florida
https://www.redrockcleans.com/standard-cleaning-services/standard-cleaning-in-aiea-hawaii/,https://www.redrockcleans.com/oahu/standard-cleaning-services/
https://www.redrockcleans.com/standard-cleaning-services/standard-cleaning-in-anthem-nevada/,https://www.redrockcleans.com/las-vegas/standard-cleaning-services/
https://www.redrockcleans.com/standard-cleaning-services/standard-cleaning-in-aventura-florida/,https://www.redrockcleans.com/south-florida/standard-cleaning-services/
https://www.redrockcleans.com/standard-cleaning-services/standard-cleaning-in-cooper-city-florida/,https://www.redrockcleans.com/south-florida/standard-cleaning-services/
https://www.redrockcleans.com/standard-cleaning-services/standard-cleaning-in-dania-beach-florida/,https://www.redrockcleans.com/oahu/standard-cleaning-services/
https://www.redrockcleans.com/standard-cleaning-services/standard-cleaning-in-davie-florida/,https://www.redrockcleans.com/oahu/standard-cleaning-services/
https://www.redrockcleans.com/standard-cleaning-services/standard-cleaning-in-enterprise-nevada/,https://www.redrockcleans.com/las-vegas/standard-cleaning-services/
https://www.redrockcleans.com/standard-cleaning-services/standard-cleaning-in-ewa-beach-hawaii/,https://www.redrockcleans.com/oahu/standard-cleaning-services/
https://www.redrockcleans.com/standard-cleaning-services/standard-cleaning-in-fort-lauderdale-florida/,https://www.redrockcleans.com/south-florida/standard-cleaning-services/
https://www.redrockcleans.com/standard-cleaning-services/standard-cleaning-in-green-valley-north-nevada/,https://www.redrockcleans.com/las-vegas/standard-cleaning-services/
https://www.redrockcleans.com/standard-cleaning-services/standard-cleaning-in-hallandale-beach-florida/,https://www.redrockcleans.com/south-florida/standard-cleaning-services/
https://www.redrockcleans.com/standard-cleaning-services/standard-cleaning-in-hawaii-kai-hawaii/,https://www.redrockcleans.com/oahu/standard-cleaning-services/
https://www.redrockcleans.com/standard-cleaning-services/standard-cleaning-in-henderson-nevada/,https://www.redrockcleans.com/las-vegas/standard-cleaning-services/
https://www.redrockcleans.com/standard-cleaning-services/standard-cleaning-in-hollywood-florida/,https://www.redrockcleans.com/south-florida/standard-cleaning-services/
https://www.redrockcleans.com/standard-cleaning-services/standard-cleaning-in-honolulu-hawaii/,https://www.redrockcleans.com/oahu/standard-cleaning-services/
https://www.redrockcleans.com/standard-cleaning-services/standard-cleaning-in-kailua-hawaii/,https://www.redrockcleans.com/oahu/standard-cleaning-services/
https://www.redrockcleans.com/standard-cleaning-services/standard-cleaning-in-kapolei-hawaii/,https://www.redrockcleans.com/oahu/standard-cleaning-services/
https://www.redrockcleans.com/standard-cleaning-services/standard-cleaning-in-lake-las-vegas-nevada/,https://www.redrockcleans.com/las-vegas/standard-cleaning-services/
https://www.redrockcleans.com/standard-cleaning-services/standard-cleaning-in-las-olas-florida/,https://www.redrockcleans.com/south-florida/standard-cleaning-services/
https://www.redrockcleans.com/standard-cleaning-services/standard-cleaning-in-las-vegas-nevada/,https://www.redrockcleans.com/las-vegas/standard-cleaning-services/
https://www.redrockcleans.com/standard-cleaning-services/standard-cleaning-in-lauderdale-lakes-florida/,https://www.redrockcleans.com/south-florida/standard-cleaning-services/
https://www.redrockcleans.com/standard-cleaning-services/standard-cleaning-in-lauderhill-florida/,https://www.redrockcleans.com/south-florida/standard-cleaning-services/
https://www.redrockcleans.com/standard-cleaning-services/standard-cleaning-in-macdonald-ranch-nevada/,https://www.redrockcleans.com/las-vegas/standard-cleaning-services/
https://www.redrockcleans.com/standard-cleaning-services/standard-cleaning-in-makakilo-hawaii/,https://www.redrockcleans.com/oahu/standard-cleaning-services/
https://www.redrockcleans.com/standard-cleaning-services/standard-cleaning-in-margate-florida/,https://www.redrockcleans.com/south-florida/standard-cleaning-services/
https://www.redrockcleans.com/standard-cleaning-services/standard-cleaning-in-mililani-hawaii/,https://www.redrockcleans.com/oahu/standard-cleaning-services/
https://www.redrockcleans.com/standard-cleaning-services/standard-cleaning-in-miramar-florida/,https://www.redrockcleans.com/south-florida/standard-cleaning-services/
https://www.redrockcleans.com/standard-cleaning-services/standard-cleaning-in-mountains-edge-nevada/,https://www.redrockcleans.com/las-vegas/standard-cleaning-services/
https://www.redrockcleans.com/standard-cleaning-services/standard-cleaning-in-north-las-vegas-nevada/,https://www.redrockcleans.com/las-vegas/standard-cleaning-services/
https://www.redrockcleans.com/standard-cleaning-services/standard-cleaning-in-north-lauderdale-florida/,https://www.redrockcleans.com/south-florida/standard-cleaning-services/
https://www.redrockcleans.com/standard-cleaning-services/standard-cleaning-in-oahu/,https://www.redrockcleans.com/oahu/standard-cleaning-services/
https://www.redrockcleans.com/standard-cleaning-services/standard-cleaning-in-paradise-nevada/,https://www.redrockcleans.com/las-vegas/standard-cleaning-services/
https://www.redrockcleans.com/standard-cleaning-services/standard-cleaning-in-pearl-city-hawaii/,https://www.redrockcleans.com/oahu/standard-cleaning-services/
https://www.redrockcleans.com/standard-cleaning-services/standard-cleaning-in-pembroke-pines-florida/,https://www.redrockcleans.com/south-florida/standard-cleaning-services/
https://www.redrockcleans.com/standard-cleaning-services/standard-cleaning-in-plantation-florida/,https://www.redrockcleans.com/south-florida/standard-cleaning-services/
https://www.redrockcleans.com/standard-cleaning-services/standard-cleaning-in-seven-hills-nevada/,https://www.redrockcleans.com/las-vegas/standard-cleaning-services/
https://www.redrockcleans.com/standard-cleaning-services/standard-cleaning-in-silverado-ranch-nevada/,https://www.redrockcleans.com/las-vegas/standard-cleaning-services/
https://www.redrockcleans.com/standard-cleaning-services/standard-cleaning-in-south-florida/,https://www.redrockcleans.com/south-florida/standard-cleaning-services/
https://www.redrockcleans.com/standard-cleaning-services/standard-cleaning-in-southwest-ranches-florida/,https://www.redrockcleans.com/south-florida/standard-cleaning-services/
https://www.redrockcleans.com/standard-cleaning-services/standard-cleaning-in-spring-valley-nevada/,https://www.redrockcleans.com/las-vegas/standard-cleaning-services/
https://www.redrockcleans.com/standard-cleaning-services/standard-cleaning-in-summerlin-south-nevada/,https://www.redrockcleans.com/las-vegas/standard-cleaning-services/
https://www.redrockcleans.com/standard-cleaning-services/standard-cleaning-in-sunny-isles-beach-florida/,https://www.redrockcleans.com/south-florida/standard-cleaning-services/
https://www.redrockcleans.com/standard-cleaning-services/standard-cleaning-in-sunrise-florida/,https://www.redrockcleans.com/south-florida/standard-cleaning-services/
https://www.redrockcleans.com/standard-cleaning-services/standard-cleaning-in-sunrise-manor-nevada/,https://www.redrockcleans.com/las-vegas/standard-cleaning-services/
https://www.redrockcleans.com/standard-cleaning-services/standard-cleaning-in-tamarac-florida/,https://www.redrockcleans.com/south-florida/standard-cleaning-services/
https://www.redrockcleans.com/standard-cleaning-services/standard-cleaning-in-waialae-hawaii/,https://www.redrockcleans.com/oahu/standard-cleaning-services/
https://www.redrockcleans.com/standard-cleaning-services/standard-cleaning-in-waikiki-hawaii/,https://www.redrockcleans.com/oahu/standard-cleaning-services/
https://www.redrockcleans.com/standard-cleaning-services/standard-cleaning-in-waimanalo-hawaii/,https://www.redrockcleans.com/oahu/standard-cleaning-services/
https://www.redrockcleans.com/standard-cleaning-services/standard-cleaning-in-waipahu-hawaii/,https://www.redrockcleans.com/oahu/standard-cleaning-services/
https://www.redrockcleans.com/standard-cleaning-services/standard-cleaning-in-weston-florida/,https://www.redrockcleans.com/south-florida/standard-cleaning-services/
https://www.redrockcleans.com/standard-cleaning-services/standard-cleaning-in-whitney-nevada/,https://www.redrockcleans.com/las-vegas/standard-cleaning-services/
https://www.redrockcleans.com/standard-cleaning-services/standard-cleaning-in-winchester-nevada/,https://www.redrockcleans.com/las-vegas/standard-cleaning-services/
https://www.redrockcleans.com/standard-cleaning-vs-deep-cleaning/,https://www.redrockcleans.com/blog/standard-cleaning-vs-deep-cleaning
https://www.redrockcleans.com/warehouse-cleaning-in-honolulu/,https://www.redrockcleans.com/oahu/warehouse-cleaning/
https://www.redrockcleans.com/warehouse-cleaning-in-las-vegas/,https://www.redrockcleans.com/las-vegas/warehouse-cleaning/
https://www.redrockcleans.com/warehouse-cleaning-in-los-angeles/,https://www.redrockcleans.com/warehouse-cleaning/
https://www.redrockcleans.com/warehouse-cleaning-in-south-florida/,https://www.redrockcleans.com/south-florida/warehouse-cleaning/
https://www.redrockcleans.com/book-now-vegas,https://www.redrockcleans.com/book-now-las-vegas
https://www.redrockcleans.com/book-now-southflorida,https://www.redrockcleans.com/book-now-south-florida
https://www.redrockcleans.com/book-now-honolulu,https://www.redrockcleans.com/book-now-oahu
https://www.redrockcleans.com/6-handy-tips-to-help-you-minimize-your-time-on-housework/,https://www.redrockcleans.com/blog/cleaning-tips/6-handy-tips-to-help-you-minimize-your-time-on-housework/
https://www.redrockcleans.com/airbnb-bedding-management-you-should-know/,https://www.redrockcleans.com/blog/cleaning-tips/airbnb-bedding-management-you-should-know/
https://www.redrockcleans.com/carpet-cleaning-to-remove-flea-infestation/,https://www.redrockcleans.com/blog/cleaning-tips/carpet-cleaning-to-remove-flea-infestation/
https://www.redrockcleans.com/grill-maintenance-101-the-ultimate-guide-to-cleaning-your-outdoor-grill/,https://www.redrockcleans.com/blog/cleaning-tips/grill-maintenance-101-the-ultimate-guide-to-cleaning-your-outdoor-grill/
https://www.redrockcleans.com/health-code-violations/,https://www.redrockcleans.com/blog/cleaning-tips/health-code-violations/
https://www.redrockcleans.com/step-by-step-guide-effective-techniques-for-removing-ink-stains-from-carpets/,https://www.redrockcleans.com/blog/cleaning-tips/step-by-step-guide-effective-techniques-for-removing-ink-stains-from-carpets/
https://www.redrockcleans.com/the-science-of-spring-cleaning/,https://www.redrockcleans.com/blog/cleaning-tips/the-science-of-spring-cleaning/
https://www.redrockcleans.com/why-you-should-host-a-spring-cleaning-party/,https://www.redrockcleans.com/blog/cleaning-tips/why-you-should-host-a-spring-cleaning-party/
https://www.redrockcleans.com/your-essential-guide-to-the-ultimate-move-out-cleaning-checklist/,https://www.redrockcleans.com/blog/cleaning-tips/your-essential-guide-to-the-ultimate-move-out-cleaning-checklist/
https://www.redrockcleans.com/6-handy-tips-to-help-you-minimize-your-time-on-housework/,https://www.redrockcleans.com/blog/cleaning-tips/6-handy-tips-to-help-you-minimize-your-time-on-housework/
https://www.redrockcleans.com/natures-air-purifiers-the-best-plants-for-cleaner-indoor-air/,https://www.redrockcleans.com/blog/cleaning-tips/natures-air-purifiers-the-best-plants-for-cleaner-indoor-air
https://www.redrockcleans.com/services-spanish/,https://www.redrockcleans.com/
https://www.redrockcleans.com/services/,https://www.redrockcleans.com/
https://www.redrockcleans.com/how-long-does-it-take-to-clean-a-house/,https://www.redrockcleans.com/
https://www.redrockcleans.com/how-reoccuring-cleanings-are-displayed/,https://www.redrockcleans.com/
https://www.redrockcleans.com/job/house-cleaner-in-las-vegas/,https://www.redrockcleans.com/
https://www.redrockcleans.com/job/house-cleaner-in-south-florida/,https://www.redrockcleans.com/
https://www.redrockcleans.com/hiring-application-new-spanish/,https://www.redrockcleans.com/es/hiring-application-new/
https://www.redrockcleans.com/hiring-req-spanish/,https://www.redrockcleans.com/es/hiring-req/